PCNA_HUMAN,FAS_HUMAN,PARP1_HUMAN,HMGB1_HUMAN,CDK2_HUMAN,HMGN1_HUMAN,CDK1_HUMAN,STMN1_HUMAN,PRDX1_HUMAN,PHB2_HUMAN,FUBP1_HUMAN,ILF3_HUMAN
10.387926512875428,10.225484468193267,9.53587518642996,11.979645908325608,9.591305515080716,11.585194128838047,8.241557988593097,9.133475842514509,11.28187242199926,11.05826103148113,10.703901064563343,7.821251878288731
11.712757748577651,11.866163046843932,13.231658643085764,13.623091298036352,13.238154612013195,15.45059171093024,15.649234150045922,11.524281482329174,13.556270229742282,13.171237915108682,14.763464703420482,12.354192022917832
9.1035512708372,8.33074352780437,10.130707374036032,11.85197701470125,11.44730189576772,10.04418501236727,11.25053521927613,10.53626878019169,11.75171689465192,10.875236056286836,10.441618778936851,9.74006495595987
11.695858699722821,11.429784136807035,10.479055460655221,13.38316487275467,10.55128458514194,11.519259159136727,11.028686534780359,11.077588894096762,14.03382848195072,11.619337480086037,11.062126439685079,10.795762490743291
13.481660153937094,10.850063847785965,10.823051761204479,13.176942017191424,11.446538846801891,11.676000270428455,9.50965448217893,11.53449931820046,12.17351903629654,11.673584701219417,10.610657391402354,11.021603513983992
10.567255425854999,10.578232952659276,10.448470983005317,12.465885813381124,11.19151992136174,11.622093145249883,10.14356156572349,11.614059410914978,13.495078373879428,11.402805527371475,11.654344793474918,10.29773069095164
7.301414108380631,9.539421138740234,8.867172408638746,12.031772039563165,10.126218675366655,10.55458858263721,6.619973488603711,-0.19352695232295306,12.092781362322157,10.480472804577802,4.958949359162466,9.887424107711263
-56.3107082927041,9.032625789162871,-18.69479187897529,-23.410833721230446,-2.8968692308328015,3.125752012557795,2.2618075140997114,-2.4475613205836506,-0.41176338848651683,-8.843473615121408,-69.0289345714729,-0.48112824345618144
11.324700472888686,11.27831622248182,10.631675997024056,12.796274193435469,11.724260943947865,11.502717011988203,11.218014602872396,11.413793866349668,15.672385317231148,11.538246774775118,9.883582741978737,10.493496057959216
11.35506381361974,11.069708651121182,10.582410389008198,13.048956568797445,11.184748146567228,11.634796028089138,11.624784838157764,11.565044711517,12.072452477615467,11.583835128965017,11.05834203057355,10.649846888224477
9.547135377168477,9.941868740232215,9.799015074484906,12.08394149803542,9.504409699983443,11.185433197716373,10.213372991847677,10.697663085288038,11.625033404111203,11.680792813385343,10.934503889038496,10.082490404034921
9.970370945518644,10.861394234013755,10.957268102990628,13.271508180419401,11.201166299986856,11.280264478787132,11.239109657612007,10.975675915567896,12.050020520535083,11.16593747050855,10.615149544858092,10.421387379832694
10.898814667644611,10.964173601721878,10.896051189700398,12.456966122238857,10.914889486618216,11.246920273058743,10.432358418292054,9.440808529082831,13.100722248160604,11.361909324696963,10.7301943209089,9.95302832861675
12.148547108333544,11.98150070578528,11.345143183276079,14.531036609340239,12.659067033099802,12.301724535232005,10.966456362026946,12.225025235446443,15.010727658845875,12.944953793397412,11.57878966848751,11.554507878388542
10.468723196255892,8.707212115950547,10.210173248360665,12.577303818285733,9.542740896098026,11.436680990073196,9.9063058358927,9.254555891475835,9.763317283894363,11.52766648432724,10.360142950316128,10.07686185497555
10.031633411638206,10.404186092995028,9.845573328979274,11.46150512594326,10.402174667266523,10.273673394302465,10.308495747976346,9.290016732417099,10.82547524120187,10.706097824769893,10.598086847460385,9.361323334577316
10.188325050881224,9.909155144851134,9.906272390241757,12.23671254078452,9.931836905563753,10.890831839475222,10.097844939064466,10.55414399417699,11.147366606764981,10.934042949804692,9.890343969164903,9.739770943720199
10.200209076642558,10.355072695354913,10.416413829181444,12.066567733228567,10.462431869109501,11.181950354427759,10.004591693847663,-0.1261255145087231,13.205786423067654,11.061707262970334,10.238252351512312,8.609788682319047
10.802520089047144,10.680924179305475,10.104449385828556,12.329425486856879,10.7535696831106,11.250020661479626,10.396806160547888,10.909330492061567,11.065932548873247,11.296813645463782,10.65063269318018,10.094710547570033
10.523371461676275,10.836434502894082,11.116797687309296,13.040492222374954,11.507102712445805,11.38370758410317,10.433202656984445,11.110840656426198,14.141658687695974,11.783006742470093,10.943068847137647,10.38828396652395
10.514945538943103,10.820528830330966,10.738313438862946,13.07550987365467,12.441446396827637,11.726749259078673,10.02405002388949,10.64198062900897,14.187192788435091,11.192830074910079,10.383797948232871,10.189070662807943
10.807411929914053,10.79148231296883,10.839329808590213,12.42841779664949,11.47725678409321,11.006844400360313,10.061178885978393,11.006041034865683,12.180184766121787,11.889138164831035,10.730435471393402,10.247855977470534
11.39916883089281,11.626994782231524,15.333659913017431,21.22878125647614,12.81431079942502,12.375587083164296,25.44886866751768,11.954849627330304,14.871902598224022,14.281745493433382,13.23700088082315,12.627981670016549
7.590300295527227,9.95265945245864,9.512265763896425,11.860919934208866,9.93280167701774,10.748171611609255,9.696275166519381,8.986201969490232,12.505815738696409,10.624195944537906,10.31303645788886,8.885611394340279
10.104513878165303,10.514385471035519,9.539247355575094,12.436285796988548,10.136234761619011,10.242635624640906,10.807372930044206,10.592438368985285,10.263440109412313,10.727383139384843,10.27441233748805,9.992658770325912
10.034822967674476,9.552684573220734,9.839794710885863,11.001837144864767,8.694350104351669,10.115316012873729,10.026711192331389,7.910402449240555,9.214353313420432,8.628454150397513,9.805423082318196,7.1258970427464945
10.366886767461407,10.479291284444916,10.681894566113487,12.523724495964272,11.225103419439776,10.893934941199166,13.79756869399372,10.235384310764692,11.81058527265368,11.793833101289255,11.338987758540776,10.74863469188806
9.628908644911492,10.066400548416082,10.071822555625452,11.13813392356054,10.034720009213048,10.907088238894639,9.015752245334173,10.667616664995215,12.331223424871055,11.260088242129813,10.295800537744562,9.783645139902733
14.935958132678639,12.69236287494034,12.13072774831555,13.451284706855258,12.361126221743689,11.820243735796392,10.55579528755543,12.241611004790268,14.19128690224745,12.882674143104829,12.127154648616008,10.825961085789045
10.276820931112907,7.447555779346481,8.680673844466282,11.879256926890108,8.782372013381188,10.324711421904974,10.28080180215889,9.455288766694665,10.954709675140355,10.733192649142994,8.311409468627172,9.672276491344075
10.94180382690352,10.361286606666598,10.517075505830164,12.488206898284293,11.703245217205861,11.374029594946482,10.363011214597384,10.990423480539617,14.733156159945356,11.63758029601123,9.926201302735963,10.434809069245809
9.928217867663577,10.489460347808594,9.753520560271433,11.675562771098296,6.857577987078467,10.9143826651898,9.103488482490388,10.33705258681498,11.868169323310925,10.227478714084281,10.225104872994116,9.352905912511858
6.069543433563004,7.763857889277455,8.04437626362054,7.451792231076377,-1.50480586223208,6.674710761025141,1.1524717981530959,-1.8848813668281275,-3.12958540738749,4.359273736056621,7.643295186314639,3.678812815802617
13.359618338559548,13.103345057428953,14.56757969191385,15.689050835389144,12.698893504293276,11.69614306200513,14.583788178002942,12.704986301960167,14.421901908351273,13.536570216766647,12.027120287847447,16.608053938708533
10.783690150856364,10.838162751209255,10.90056448732902,13.1835700941451,11.90199108988738,11.081613865907997,10.163806527159146,11.635735882688827,11.508315687669633,10.984758804545313,10.671083080594917,10.689172230801852
11.214335075544009,12.917749624401832,10.974802503050764,14.717856927533314,11.908896829771997,11.770567470812924,11.195342470589294,11.653359254494905,14.082095291390555,11.84880865100911,11.059852317551389,10.636209344719806
38.933075589557234,12.38175263049177,12.688208190545474,14.64493794919043,12.666481467322873,15.231199933016978,19.314129947644354,13.088331867115466,15.24817477180098,13.485158974674428,12.007343209083295,12.51343996625879
10.438809485892401,10.990451569994947,10.481145829719251,11.927538701392647,11.118137825922723,11.581408835667164,11.301398087116288,12.114176814706363,14.379089854218636,11.143265843340734,10.70637729232345,10.36711902363184
10.977797150829407,10.76849217468774,11.217112789979428,13.63107116008641,11.597551826386534,11.043905163072143,9.585757472583767,10.6503215241807,11.586694171927364,11.460624059137299,10.110824743287571,10.2579500974333
9.496299991722728,10.23340893318102,8.287258657369442,9.950698748765184,7.871786197090087,9.831698149084843,8.432532960717472,10.096815608839766,11.038334140996307,9.412509680066037,10.083676023473853,7.643048090961922
10.982498598321758,11.59473232842377,10.642235209233421,12.563941045988457,12.126645822317155,11.341549194189717,9.833648037308597,10.748338545089911,14.008280388844824,11.403471333999674,10.660884082208442,10.081683178627822
13.550747356203784,12.010544529704783,12.039746852919475,13.926421937664477,13.258479079894153,16.86628261796591,11.413006007339671,11.747408430048688,14.391130865407746,12.875501996126703,13.181750052363649,11.555184662212394
12.705318686833127,11.365519963680603,11.511092849709344,13.223975035649504,11.823873569028132,12.726739343605773,10.588924181514251,11.588712245240798,14.622921411739258,12.141899431474751,14.487215077900123,12.00921292975088
11.391149414691883,9.934605799312045,10.01580369276486,12.371940050999545,11.039789782311564,11.26780218923805,10.711833252303773,11.144478648019001,9.894218066223832,11.918859423229128,10.898661930616713,10.435105542832705
11.404369811612698,15.494679769114967,15.572612604344322,14.934196979556718,12.628777514302769,13.472414869088475,11.513328894823648,12.68923965468986,15.01319336896221,13.11976574772653,13.19644484881554,12.20993816927751
4.020319624217479,9.87266427327267,8.120445662528088,8.785714211818433,-0.9781395135457203,5.0824575612788845,-2.4459999025266583,9.924307531790108,-2.184652991167445,3.5891010589059347,8.744167603564932,7.9428142084521225
10.162435015607233,10.518545132721103,9.643377123301548,12.146777134163981,10.03060535599355,11.39911991798897,10.118726943565294,9.453715027877559,10.629575506518684,11.146125090150933,10.094634965864149,9.404554615611044
10.816845969103314,11.4787567438196,11.111877310723665,17.367610309666468,12.472246637517587,13.164819234057333,10.576608749141542,11.964943603697629,16.229721986852283,13.349759887145396,11.099633834440787,11.656398573614535
10.002097272497258,10.989928441039764,10.331069005661542,12.365439764361742,11.316854510505413,11.432792041701884,10.564554352914698,11.029974300433025,13.104745588217844,11.556608476761747,11.258210541960022,10.705349252648606
4.336618734716212,9.401549792882637,6.7270946165708345,9.21046574776145,8.284367313084914,9.156898980506856,3.004148740054119,-1.3777488763128847,8.714162389911198,9.196338238548755,-4.9448320385296185,8.175602386671095
9.630316218555379,9.275416073115007,10.28484865203417,12.656945243332279,10.69667035456642,11.082067059239558,10.481597796544934,10.579298649365285,13.51077555077358,11.24415943025786,9.983008369682832,10.173706873988793
11.586043488593301,12.969447738815255,11.927050922765599,13.703289836013496,13.340294493260634,12.990544039371999,14.849700866065922,12.875293028229072,16.426311536456407,13.372622498089765,13.589022240458721,12.252957851007611
11.001984607295359,10.94929180747169,10.85833522979277,13.162028983397562,11.76861065434889,10.889180338553894,10.03161761284433,12.145183187043717,14.660796704237338,11.660468044783428,10.825274128768148,10.05948529733209
10.744183302539945,11.330540465973336,10.530844833372871,12.47948405887286,11.040419442583625,11.336712074409292,10.198361392119185,10.87631789242284,13.96123502499669,11.365954486596085,10.195418935750657,9.65509675144728
10.23036572606015,10.034431801315103,8.99959748393306,11.738721660021136,9.807964442512136,11.143616153757637,9.90993583664914,8.869731029278336,9.313497356502602,10.694362078935637,10.370705763393918,9.633150650085607
10.41020784355155,9.897653019707716,10.299029210497617,12.452449894837702,10.317771275783775,11.299719596495219,8.16030934066443,10.322854752441636,13.456361479415639,10.534806927130738,10.648012819004636,9.945817643633186
10.687903647206072,10.79745622357899,10.349232129161782,12.449507218339319,10.740016856812511,9.522373128252609,9.648761966772684,9.825523860096785,10.89852057153388,11.155965685527425,10.29956611673182,10.048194140885734
8.79166857021819,9.545709734944497,9.037482379249987,11.408868916211993,10.937304587620883,10.572450622355824,9.372878085491518,8.904662282394677,11.78960724741823,11.012566841673637,10.026793469154311,9.118636140692425
10.697683423745973,10.544901354802878,10.761979827385789,13.017986740058017,11.924372533265824,11.559523037279261,11.336043155818816,11.370288481579786,12.994729616995343,11.729129987306628,10.90322120824509,10.36859197789077
10.580625260508747,11.10742411810918,10.406004117284478,13.017779453914315,10.106853220244338,11.307613225018413,9.87302980794546,11.594125944754566,13.326706045707137,11.224642892729602,10.465257796807022,10.210037451540177
26.920990864674856,24.681619655170007,13.321474479032574,15.734849816763688,13.376401093546233,15.358421978960564,34.16704412863953,12.14774491659893,16.87580814039722,14.747164928535481,13.165798714902438,15.88126344364256
10.795169601275981,9.82559656255099,9.79640520427004,12.12538912773262,10.299396211782778,11.390045974820156,10.357059609741714,10.3356175149702,13.617631320227252,10.827264382962193,10.490206953635843,10.266919552017622
10.022852405775287,10.223893656755726,9.903472513934032,12.289293069335681,10.621615903239409,10.693597718147485,9.987549269865985,8.733902273544397,12.370248780975183,10.973233657522668,9.3257688390644,8.937963074834332
10.242572413672713,9.173112293256274,9.046918342900963,10.228099274339986,-0.22081290097340409,8.993624843537715,9.217251296061608,7.663745686832946,12.410468189791013,11.033673591888288,9.005836115516356,8.659400400001385
10.983922715627081,11.22162408845426,10.802063709392877,12.688295061297548,11.823418722376516,12.114602878980934,12.191250247698076,10.884030250711808,12.244013658234515,11.440933056586651,11.418628034948622,10.938346857815025
11.435163932216701,12.43447773475234,11.523833377443726,14.683789076451546,13.280669897029743,12.882817835183273,11.363405046219468,12.017829652992699,14.2639521222119,12.665701932854617,12.487117739312628,11.023274619841986
8.52029174219321,9.385548047887001,8.98701577031528,11.464112213120693,9.141484334023977,9.58527713338345,8.310522667830957,8.240654605741296,11.438920171137031,10.327318348355552,10.041370059071747,8.925976152715952
8.930191172124164,8.359541408046256,7.989091297161467,11.03195868583351,8.49144078000471,9.895710523718735,9.275250640784238,8.735643585466793,10.57162844987514,10.972783529290108,8.413900639233566,7.584696041047172
10.834990001201085,10.43869221719306,11.29915327592888,13.013165750015087,11.444249785012664,11.791543893058945,10.648353992131609,11.234777351080709,14.243512492929613,11.709187450833666,10.979798822014443,10.629165792324052
9.432506287097187,10.173456751461828,9.31609902415435,11.665316511087754,10.148151041594664,10.20752808162444,9.65874928415597,10.511595491997115,11.464089323621513,11.049224908474397,9.80248001537565,9.19607397658799
12.158006212513502,12.097456394819009,12.242997405743552,13.284309174393085,13.147822424726977,12.87516241106772,10.626466391044113,11.803126065663298,12.902621046944203,14.783335586638795,15.759514462415968,13.308719138965007
10.5827336078761,10.225647817596217,10.665643496437468,12.388331700087706,11.090345546505663,11.512660640690509,9.594514671727634,11.183439772304252,13.073237697861995,11.092103798087496,10.554709068117502,10.06359976548597
11.382753883796353,10.82777658367027,11.226652225879297,13.094025320064638,12.71991020578926,12.414200049774378,11.218327253146448,12.427246942921624,15.514049984007999,12.991870760691633,13.346492486424783,14.037648734128899
-1.2503081019928484,6.120449178764006,4.446226485525191,2.771296140650694,-2.930473091069938,10.246733024831087,8.943431787786423,-1.1454941841884505,-2.1741570915260477,0.07518491217208023,-110.83682348564763,7.1599393358038785
7.274253089937334,8.12297971429217,8.476280989194043,10.046366820437175,0.4388464760007773,6.107858803828213,-0.020548455009272715,-2.1934706175235466,-1.3218478159833698,7.469290771854899,6.758999817909091,5.807244113592547
13.416946507401844,13.937096124334602,17.64528511597336,14.007725267073438,13.16860795971392,15.563511492082288,20.90165454452259,11.67272894765827,14.64425837013274,19.01606243551533,25.158213354585204,12.745944926503109
10.811441493709982,11.917685247960865,10.840719909516089,13.1084123395826,12.552427970031898,12.648096434279774,10.424121913146152,11.676871446607622,15.56667043412975,12.054027041788906,11.023003235111723,10.475083300972543
10.064758784944948,11.01723814593395,11.537976819507586,13.047267725150027,11.082051169398726,11.269794034515748,8.492203778757796,11.274603484898575,13.064977005537665,11.679178242657688,11.060892263703346,10.033665320027755
10.930955879602966,10.286895399061343,11.04206650571534,12.732608024613246,9.210236333329588,11.441164810054103,10.974675570818173,10.958087470840248,12.731683809145183,11.25724692499823,9.457146504227158,10.378388211496778
10.002908958854542,10.56854726220862,10.192529010406844,12.433394011503495,10.951877018600497,10.920137868557964,10.985655397413776,10.996283271222838,12.47351205881816,10.998014077930131,10.366848182500052,10.379243535586216
11.713114031461101,12.35030589430862,11.921701071206652,13.26556425131128,13.032206260359445,12.326270793182509,11.0092491440203,12.673303746756249,13.78517847313871,12.028629041541109,10.96091123948933,11.529315610200234
10.692179254436729,10.64528392234897,10.165131584562735,12.234833552450114,9.364105989660768,11.181859040330105,8.168784197987843,10.217079855166226,11.796077277155936,11.42793926754604,10.280215108757632,9.865515108405573
10.565021296125266,10.183960588324753,10.268487595566425,11.812919875025589,10.223362722128371,10.803261043999777,10.431541331744254,10.568259843907374,12.411023008717473,10.85480715903113,9.930854769578982,10.073147332584464
11.086801954816444,10.391873422721348,10.870183770008886,12.344043694410988,10.446284167394873,11.255075473897055,10.252674707369428,10.467740184920077,12.515482286655576,11.137624306812306,10.670536789920153,10.07779441817712
11.337734027070368,11.467174452349715,10.750981887780233,12.72478108280991,11.83055786683378,11.563861317164896,10.51197968693573,10.846422599315927,13.21985834818506,11.798363020681407,10.618334849298,11.048342281251953
10.579454017028823,10.618683438131729,10.512644281611074,12.321848114168853,10.879000514118749,11.632870677315246,10.026465498353112,10.515328872714738,13.390950706285963,10.94458664856421,10.292352487956776,10.479190713518973
11.45603033166904,11.002331383892638,10.452352693169127,12.796948391157906,10.726676524952508,11.910594529647298,12.654795897788908,10.450348071624632,13.27626584254679,11.754130451818934,11.120652153651267,10.755329088479257
10.069787692198135,8.788951130612796,7.552697635713187,9.95784397706894,10.127942469204374,10.259042724726202,10.34321952546274,9.941662281420838,12.064121185346789,10.350923750120694,10.002501059094943,8.278342525079232
10.509548948906211,10.950300434537446,9.538401084721755,11.555183874295135,9.54806387878497,10.815345055264379,10.428124786974633,9.663377119423947,11.327127749551499,11.214590165304816,10.421125535112203,9.735248506402243
11.351611909247024,11.383050176881444,10.796231427893993,13.238753158530931,11.312624020436282,14.230398398514483,11.569521152992806,11.30938498744037,12.876225062181218,11.895972977701936,11.175054255006911,11.070100310048478
9.650751925695586,10.704390625646354,10.567879430061682,12.478116263923985,10.98227409986914,10.781035140163889,9.83342986148376,9.782926998398855,13.3183835961453,11.055274821512004,10.685860631298262,9.9782285816324
10.133511858218524,10.501513622731052,9.476764629235593,11.793626561408649,8.70658213156463,10.846504328678261,9.634602281662849,9.91004781273865,12.153269760837714,10.987796591711309,10.301992976462557,9.200141773436986
9.717152410904891,6.884553116940679,7.616262282863918,5.5438802196765185,-0.7738479068799168,-0.8301316554822815,7.304161372501631,-1.4271271057583903,-1.591654939091455,8.862185407699162,9.38264102574054,1.608893727466917
10.797856249011437,10.762874771285839,11.526673887804352,12.435705735655363,11.724672102689123,11.217681419606803,10.247287976898061,11.466295644436459,12.477975438389402,11.262823449660104,11.3012250449852,10.625467467383793
11.11443114310516,11.369259315918953,11.158933046813729,13.056560648883103,11.151361247857833,11.96620457538984,10.445933876601847,12.285761918548426,13.214209259811676,12.249585101893288,12.592358702212344,11.20276004516758
11.288332219363802,10.81940229847457,10.44659238478367,12.425162879587589,10.45888165555173,11.750530617819875,10.707325785793829,10.939626453170382,12.76574944645896,11.066589056702623,11.377483857638243,10.435668516620224
10.992860244516098,10.6200241285255,10.763438676044174,12.116446621451008,10.227165895258734,11.134807312432056,10.202373108622117,10.32862454991396,12.847920810413603,11.669895600095021,10.816302625785159,10.449769323706256
10.208256776700134,10.088784939772255,9.194161007445228,11.108918379234748,7.972891730572136,9.616565962082428,9.623832363366184,10.259083140372226,13.455105112620435,9.2253395327786,7.8750111423212275,9.00909678961742
11.286330729281914,10.911519404016767,12.08010188008804,12.856157936387842,12.142794837627546,11.826194864419755,10.457871882994787,11.341644668278283,13.10940503391394,12.042108786621835,12.0034823597879,10.982464171611962
13.117764786915204,16.057014598465564,14.083044762488,19.442497867106134,12.374387563529124,15.677179811826331,11.225821431099309,12.534881374094175,15.521364697723355,13.471966056531247,12.7306790415423,12.326774064991765
16.12259419627271,11.467278481209329,10.980049517538435,16.03711494597362,11.88300699112105,13.585765467603322,12.504350759257619,12.203213359267039,14.43797983327915,11.740757004809419,11.378071040828548,12.009508163604918
11.297280906917834,9.366039031844695,10.068111050002214,12.803583588290625,9.236788121979933,10.928410290322526,8.219932527928323,10.569517812398145,11.652201630637482,11.193767690124547,10.849779407320503,10.553275901145383
9.310610814749632,10.06440870236208,9.36657756368839,10.849472636867556,-1.2762043953718112,8.14818422659876,10.054011517438616,9.244554549581428,7.84597749540749,10.245682553884395,9.367639346623116,8.701808605817817
10.98659035190127,11.597955053348835,10.503717002687473,12.974493690153123,11.558069660797873,11.643050659817408,10.826540006732616,10.721792657014415,14.06432820793801,11.77477658785035,10.71064227359785,10.154666873181093
11.005117697064968,10.9666036387473,10.81764715657407,12.910371620949306,11.007856169736892,11.787834430761782,10.273816058132644,11.76625886518593,12.151375417110186,11.7263454456155,10.641485893869213,10.51932294073583
10.69739299014826,10.36516778395884,10.021831263786233,12.645429793754984,10.256252272773553,11.606044160993763,10.463864066917074,10.80247299394579,11.312735797686985,11.042567772705198,10.051171646124148,10.001824014105011
10.27851389534045,9.230440100221998,9.546717552790778,9.126144905522807,9.599913093794731,10.804398007255067,9.70680113544663,10.055006624194792,-1.200088167564075,10.21837725353331,10.513015065424087,9.57138632322901
11.838031932706352,21.10185240697388,11.644961534789928,14.014301123082028,12.70155000047422,12.881478224277386,10.96203655867273,12.552824212567659,14.991087038278243,13.260723954081419,12.821643024624883,11.789227607756043
-1.1722245249364907,8.454698656964844,-3.635303487385494,10.997668483435012,-1.4442462144162826,-4.482630704907738,8.777422203857025,7.925683211618472,12.404079912082295,-4.919756273298798,5.165446083488875,9.219987035665401
7.516841733760895,7.722784150620286,7.84686599042535,10.036865242206892,-1.5433873968772167,5.766208593153875,2.802642648126726,0.24072924085416725,10.069808014139543,-2.716433622860773,7.413616167798733,5.358420150042752
10.326862676450048,10.533879216695375,9.447132963201744,12.38115122704599,9.349567606675427,11.494360862510694,10.907354909212897,11.09668677752104,12.622501702022937,11.19727835423517,10.848740402595551,10.430278939972219
10.722816982400388,11.460423108361379,10.941734417700898,12.551687540888452,11.407895213652845,11.491885765437623,10.442278544872584,11.983719465136605,13.245817503860629,11.716769870817684,10.939392296552906,10.365331974217339
11.52008666574585,11.766698609761182,11.813478710192019,13.990751375514131,12.27008078088081,12.690935755707843,12.06737053638113,12.46569201354097,14.061743245334785,12.101959045747016,11.605802307727888,11.380713560717332
10.836859215270003,13.027368676641263,12.53430193537512,12.891943124263719,13.918347430336084,11.524126394932463,13.58555259220196,11.352891934104523,15.38454891781125,11.988961860617934,11.646342863926952,11.392510362516093
12.168511347212432,12.68155512656242,11.791171079625725,13.063460014945177,12.270056156750252,11.961307874732181,11.629394853233338,10.958262345491738,15.087690407804962,12.3623249055786,14.832703677270944,10.911805374949203
11.005866056634408,11.566503281233704,10.978947567258274,12.923314905789088,11.94922635198396,11.544180798878221,12.042785817673803,12.048271695232362,13.463671316142428,11.91502061535343,11.330222449564488,10.929707909756402
10.71611204181108,8.653969429952646,10.188048059999247,12.407167891596204,10.926506969646967,11.100923494660872,9.994542651723556,9.312909386394287,13.272884188050842,11.143869967941908,10.960195469007097,10.403710991219649
13.78530106129773,11.943164312539585,11.316445403679614,16.334575286400046,13.033578277013639,18.71044490919056,12.08890866400013,11.82512346482377,13.652317095736253,13.095876931685602,12.188352415870817,12.25313280255216
23.14695234222748,12.024224723011683,13.401615245788019,13.874333130730186,13.40418676711424,13.090179366590055,10.739509301455053,12.957402723091793,14.824678156881264,13.256698412511927,16.662405986449073,18.92643655748181
10.325787476530289,10.393876875982977,9.81575212118123,12.852124965828027,10.945589445554928,11.446785428453023,11.09025153810115,10.669608122070782,13.085282194663163,10.901846034782627,10.373248653710121,10.11394670919075
9.685603672976155,10.473695117689704,10.303331436818405,12.544613006486657,10.1269440447085,11.084394209859713,9.858038787515959,9.892688420151488,12.471095566920775,10.863196605544971,9.834515713940194,9.813095274066173
4.267614808718309,8.89429964987858,8.288256310074056,8.10858376888121,-0.3801944425466277,4.761245157905281,6.349548631790762,-1.1290008675005208,9.832472483827244,10.207469860802988,6.498757270275219,5.511111151619812
10.929669929214704,10.759740000736102,10.96338333092989,12.472460806634297,11.787824386868808,11.660350108938877,10.37327179054485,10.21984241368935,13.66397270231384,11.672977985851722,10.832689747771024,10.472210884204696
9.417951382018519,10.148428719998329,9.878970270242561,11.75332038702156,10.165738692814806,10.411017144628913,8.302767985618768,8.590744268609914,12.630675619540646,10.887842047113867,9.686149154399276,7.410616304214539
11.171119510908271,10.410130448195098,10.249817791021973,12.136194605681073,9.640297140187558,10.380718262703649,10.078704911891302,10.248924763347713,11.506516379539148,11.253698875603039,10.511717976048761,10.252771872379773
14.438741776628959,12.138725446952272,12.439065132256749,19.487652997547343,12.705271817175559,13.947773942482568,14.333474078146823,12.353969650925068,14.61968037945876,14.618528939934084,13.563689245069842,16.022416582496923
11.432863867741464,10.593335505010586,10.295223104623345,12.563256609191946,11.280407404832696,11.184181682518961,10.17580714474665,9.999911537156356,13.260684191097168,11.197909818764915,10.745080014376812,10.219955025167488
-24.43052860070531,2.2699336645079384,0.38831537974513886,10.968379280959336,-3.4262352190633916,-2.188653928349165,6.74418036504681,-0.35754408454115094,-0.754574476150344,-16.85925501127826,-5.682883820479272,6.241693774456591
10.651503938658044,10.659012278657245,10.230440214779275,12.352094999435577,10.1098101091802,11.936026878980746,10.338950251633987,10.319682603061972,13.105012535899728,11.34337360892,10.395345728148355,9.994790048077585
11.166120012606822,10.453799835914205,10.704898597041879,12.54211412006507,11.662418430008957,11.710352360673198,10.260845423747451,10.313122975007042,12.22510579006273,11.639676780855782,11.279787163606088,11.990415626222244
3.1006497443245395,6.758161514204453,6.5739906360221045,10.041301150870236,-1.1125582400339369,9.097364046921928,9.623826694773081,9.612080018852144,9.205446197499047,9.635194704079932,9.634674412422271,8.647716317033815
10.118156046814462,10.700780575251505,10.165858207933715,11.724536235791215,10.056947548265226,10.934897708642131,9.933332858263636,10.567391615703867,12.920655911259823,10.629726192552546,10.684720066116158,10.355462567614964
10.551632865016536,10.826075394072467,10.499455162628431,12.577606740154305,10.94147633368057,11.556553515670432,10.50513700520609,10.863449168660845,13.122102745981861,11.53620784567982,11.017970216716066,10.52992717559602
10.150093235659048,10.74962294456097,10.693900507520944,12.530355219873575,10.861507837216474,11.216503102708124,10.241499732580916,10.22179013835555,12.873177313451167,11.527421169028978,10.980312371662425,9.888494616664781
17.790421917780876,14.67684333983482,30.387602715608747,68.32674125270056,12.55861537822757,14.94051204474766,26.40543340308837,13.582674143219574,14.527714398596117,22.30063467353733,12.648656741460549,14.606956507555754
10.502039352574263,10.772790991328026,10.168773041916133,13.13182262775821,11.335382932624258,11.412969015891763,10.316402313264316,11.013970639948925,13.54916592018345,11.655879516624438,10.88282796836829,10.929852521695825
10.307470817125033,10.04945614368836,9.796324612452644,11.838677643090143,9.313598164865663,10.620010445711067,8.887131327532543,9.448497657545289,11.842041801519239,10.751336025519883,10.869503335217203,9.149015953717136
10.159883784781018,10.658988132614443,10.357040523042324,12.092207952514428,10.21039232550446,10.991087276241544,10.308209516067043,10.732876765837187,12.393501566614582,10.96401652005174,10.538383555072048,9.568695157205022
10.240324900509892,10.314925311649072,10.353913085390733,11.949683924599125,11.585428713751588,11.508362146897198,10.321186057449268,11.484138492195648,10.310855834374538,11.324060309238932,10.663890726172095,9.443177095080975
10.344204718638084,9.984805993103098,10.261656764328578,12.031129353925722,11.054689366537481,11.067260104068856,10.303278976539819,10.400233249959623,8.58306627768451,11.489880697828026,10.776354827008024,10.01466630973507
8.587666231964514,-7.844453299775468,5.708267534061905,6.525525337658766,-0.37332363868503854,8.82758749871757,8.344066901064073,-1.2250005432646736,-2.0851482873014224,9.405010158307558,8.901338185258577,8.860880804391755
10.345981182114159,10.679244384480123,10.00990847860398,12.054942709374535,10.380881728786926,10.90553823825974,10.047583416366006,9.946264052570323,12.318014707622746,11.256724418276999,10.768941258473822,9.44577236562886
11.07743963023038,10.561832740440318,10.413762982314282,12.937832898277193,11.498942882661394,12.195107835796998,10.740104227170535,11.104565481602444,12.3007586049538,11.564378850738626,10.535767591377947,11.012469941895144
14.291062069345273,17.873006602327862,12.330188914105797,18.859754228145064,13.023002335273334,19.638797681993502,13.963755758813276,13.165822262425616,14.157616795563788,16.87555039389367,13.905128775640279,17.14534583475563
4.808487404558814,8.985097918162221,7.283307376158525,11.592890819962427,-1.5785481245941573,6.332605278038728,9.502256584002222,11.13193987681078,11.22465123847548,9.34859396972304,-11.07981912018079,9.760822632326652
11.002761511841522,11.275404277041334,10.846143196518787,13.69435326047854,11.96618636712006,11.747404875657061,10.668565067228254,10.82083252523231,13.343093632306909,11.539401693395384,10.688235812436753,10.383979885265013
10.24275959203334,9.862999997720026,9.851192791669204,12.129302449294032,9.938257716272878,11.26019836772197,9.312861918680937,9.815924492257674,8.502389327395433,11.088728271719363,10.430564191676066,10.521311501599513
11.317078365436146,10.731739874475634,10.229288619792468,13.051258479623954,10.721799513776988,10.735282425999733,10.414164581055557,10.510862459358194,11.362992539373156,11.020027585859294,10.792342069535032,10.165677474179562
10.383796684594103,10.230105724120344,10.615639622043338,12.285355115960312,10.270066893364337,10.687989225373832,9.992752775872873,9.056426058696543,12.648515495648079,11.262703750547628,10.571594459116563,10.07890541671499
12.427488344335334,11.553136551231567,10.480785013746678,13.017933714486677,11.562291392287255,12.172333317437552,10.229047414961007,11.187833663532128,12.443486817234973,11.568440586909048,10.72559393640169,10.559971356269877
10.902605368018367,11.397670647936675,10.29781075260886,12.643386097923335,11.088750255993242,11.603282223454782,10.651750771601744,11.051908617419782,13.604072033995152,11.484408914673185,10.563809937608777,10.437457400135845
11.000797607443653,11.234542637614757,10.703588927704262,12.789555764843445,11.059935041767252,11.743360922727181,10.289678604835714,10.493139179005642,13.152504032809386,11.445711408095505,10.950021407579067,11.038587068655907
10.611524110079976,9.8215054108119,10.298964303147876,12.107197970806356,10.563987780973918,10.69649385228489,10.56629536170171,10.336238050677023,11.768647985793873,10.87159438389443,10.670570456670127,10.277748962877155
9.612222695146622,9.106337754009592,10.297345145546947,12.153575202182948,10.085337816855247,10.894151232954268,9.111415549324255,8.573593558860829,0.16553599025169038,11.146530113685118,9.971711281578578,10.059750185252033
10.514034358696303,10.666515968039006,11.22457986024574,13.564022342405345,12.466877506561897,11.308203179590729,11.607661487931225,11.087891877980388,13.430843599518331,12.088852367049418,10.7533961247515,11.105368716450942
-2.8953983268629866,-1.0709562564285715,5.940149393249356,9.005092125826717,-1.38351674121785,8.284578984137134,-84.49823982551416,7.4127075912084255,-1.326962191152888,8.993043451723127,-5.947509391883308,3.7724709263518
10.401844171131486,11.047428070795842,10.540964054023354,12.39414909643392,11.400393492742428,11.301728739997273,11.077008611737778,10.749308575182017,12.678461592483467,11.325512320143101,10.589731042952616,10.78230633236697
10.81899205802498,11.029067672520016,10.237285179945845,13.59111646347265,11.461653229997808,11.675471788922641,10.863820734616855,10.622428495011755,15.458636198245356,11.489526926308423,10.81426713285064,10.51574290558691
9.807031597503931,10.486676898687834,9.50012095661444,12.383300379548063,10.618625513772072,11.446010684977455,8.921339267551778,10.164798988478475,12.750246757782032,11.127760942597416,10.388643113759592,9.940993875704532
10.212720156843075,9.932602021797841,10.276928607414044,12.42072370118197,10.874535512898346,11.116659724954225,10.520751655844979,10.327028769630218,9.752223249180004,11.272259648692222,9.53205660269104,9.96834348787997
10.164981554880734,11.331397052262222,10.913753482330204,12.565931688849671,11.667055385289261,11.478292288989378,10.976399658377652,10.650544305944678,14.347445696475416,11.546421674923378,11.437147337369034,10.276049518915833
10.135091808583814,9.329659846131207,8.378629009729217,11.511622192401342,9.421734941741589,10.874833002194919,9.708878450340066,8.22204713340027,10.623722512261756,11.195147579207081,9.949911366412078,9.309573479610549
10.794747013258634,10.531764077606603,10.404085027731785,12.122642926557212,11.713197491936295,11.508276573283588,10.030515493447782,11.080300770315608,12.662571711494218,11.59869809773577,10.771047645593082,10.665098542119765
12.677252330167311,13.747583010103135,13.299605127713058,16.864558212096515,13.566916550531106,13.500315082421753,12.703437299556517,11.239529888736122,14.93092095234927,14.776100636219276,13.327634581522876,13.454207557446242
9.39061042971105,9.408402039258602,9.02441978668489,11.173297524930263,7.552566758519632,9.442839965283634,6.25439196369783,7.886995651690974,11.282682462396957,9.274771325354823,9.216245188043903,9.892411177096871
10.853485054642032,10.818453869875995,10.639797954613249,12.530020883021562,11.260209494426164,11.289246338287533,10.075759576150373,9.291011414425464,9.535576116395845,11.457292950597552,9.911836060264132,9.937038831282159
10.116450912762842,10.172605659959851,9.187880029365502,12.457877136648099,8.918509100619056,11.390331093637931,10.279331792971703,9.396248259805832,12.945764212148624,10.704032272021088,9.341085857173058,9.252439769760198
10.299855781927983,10.7305383304291,10.215876225708028,12.322983591720151,10.77556630011876,10.87115626232728,10.237937683522048,10.445476923696875,11.85015782596713,11.354772791931849,10.42861925336496,10.333813883140161
9.54291050938982,9.784159972378436,9.220341273831385,10.827726323335765,6.633194528232162,10.181417730303812,9.919887332288225,10.02595127020262,11.9931466500377,10.361429295848902,9.385997178102276,9.88376196969342
10.38511047675727,11.493494872230745,10.878963252571122,12.415079959333813,11.85377514250837,11.342109335328875,10.970423820724806,11.234849066008785,13.568912284188466,11.613700627355943,10.93457373579055,10.631372026828215
10.330310742764164,11.19446562050123,10.914520622641644,12.279531483837973,11.125130120877254,11.286964993764341,11.255555061172489,10.704914842702372,14.239832805043871,11.51597515465091,10.203243218472121,10.238795340300287
9.32556095795036,9.309477940352025,9.852438156875504,12.416977098752406,9.701896751541724,10.72379571429994,10.443039021589504,9.830563192378428,10.507275007374682,9.905640983103385,10.295292666045093,10.269520973464926
10.341443468957998,10.591540580682487,9.747470000413117,12.07398917686202,9.929016580124312,11.085046395345165,10.617649109980562,10.946543425477996,11.736557342877893,11.255844315088233,10.596161179452771,9.930357944953426
10.500629674944667,10.504205576432858,10.553959307831583,13.30972485483603,11.474021139350118,12.224292564089241,10.19495768021421,11.745947793999578,14.204832082518308,11.42106435732519,10.967887624157232,10.383828333565445
12.520366391373337,16.188264939499565,14.382226104025825,14.280532793567254,13.479129656025108,12.442739224245754,12.750081002559384,11.984370139875429,14.760933124316463,14.142260727439567,14.221739935427244,12.855369006870957
10.841307589330789,10.956862789464124,10.559876262654537,13.914345090890349,11.378059922356469,11.444850916917286,10.222115581252401,10.98028229948699,14.017876682529652,11.532518523244056,10.903840073035916,11.728108376698158
11.285678539616967,11.306650807306974,10.784593371799616,12.661926730398777,12.335884150401265,12.291446541363593,11.391869186057336,10.624216989438876,12.467665706882752,11.896837824240228,11.47193682104568,10.328387126101205
11.171917081082135,11.226714945669293,11.186209560699934,12.565680255957254,11.968329521429292,13.683500877588912,13.793808538832984,11.329833704681349,12.74247026663875,11.90756085527809,10.94093390782839,10.914458923180204
11.565841753218576,11.405028702789403,12.659983587412578,13.894371468763485,12.324406994010571,16.296317324634053,11.99551070406419,12.443229108620208,14.260288015162377,12.560655568643151,11.464527136637816,11.597558224299176
8.484235249581955,9.553172001872333,8.971299938513214,11.848286706583101,9.122979981029122,9.966419230738612,10.263190506580315,9.565822526070422,12.158892318996466,10.76282885553702,10.254647943761356,9.286714369272193
9.564718808685722,8.32518699710099,7.771021476909219,11.201436578227796,-0.9074882429942579,9.990165666596146,9.94966902588263,9.025736698276486,-1.241963399119595,9.620798024058107,9.61305245379047,8.185385670253464
11.529220908066954,11.00609599772504,11.901104443491286,14.090834858523062,11.795447512095688,11.760692548552374,12.579376080030448,11.783524374022791,14.447652640697195,12.473233076746338,12.0058398002388,10.946904115241258
10.336989762025674,7.8662394265172,10.157221406667047,12.355897491147287,8.803302649285362,10.650805367000542,7.822901829312105,10.38161390608668,12.592658890408343,10.913852664303542,9.984296308427757,9.711661955289802
9.008577654779309,10.447630792458755,9.733506716220761,11.395225836093614,9.765043373318056,11.012450647758065,9.552373206405344,10.19939905617672,11.813232934249493,11.057337089304003,6.102185008331561,9.470344850379776
4.106142517487305,9.843472066447639,9.31362438006306,11.19753132610318,6.082352741447381,1.916351953326986,9.48838698696241,9.088109000488346,11.129846431650792,8.71091957835258,1.9698888484999966,7.568906543361476
8.73055360554004,10.335580255770575,9.014767574797286,11.732121817572917,9.38744231581795,10.416803398634528,9.00646462254445,8.65438000679554,9.599093714270815,10.026436626437865,9.358692395957235,9.263371302090746
11.31095769740679,10.552284825589071,10.605621594095936,12.989517467205207,11.124388794319067,11.598049318829162,10.2262248650004,11.551419452648501,10.787200534850678,11.586537170903213,11.647074301149695,10.377006125741927
9.621929943220092,10.048597057639991,8.62144365139471,10.711864520562566,9.605881617629153,10.740736682569194,10.402012692984865,7.638869310648272,11.522931445496836,10.432097026630082,7.217291006377203,9.35050580883714
10.237985099590755,9.58560651392141,9.923797532087804,11.253896745714853,11.220267421227595,11.098008802881596,10.377560209208674,9.692525354303937,12.367164181905636,11.05584313549043,9.81309301258191,10.145958419292754
10.05708558357884,10.574526841717983,10.327002773548369,12.195695441818152,11.158441745088277,10.03204130232093,10.46870496960848,10.599565536333325,14.117592651340614,11.158539202046807,10.531760195664452,9.722733884920924
10.871916439816973,10.468221239826072,10.422056030790586,12.589807326152208,10.399167401444924,10.882248452228907,9.961311740415622,10.216410122572507,13.895119361495006,11.335934534954426,10.623309418657659,10.172257827810089
9.96091044541163,10.63140690595751,10.284573996145165,12.79223826762242,10.628790288000275,10.955155828022708,10.596734467993324,11.218086217427746,11.79256369774493,11.330016863894274,10.256526295414478,10.17382979988425
10.93605587790684,12.06916057016463,10.842673477945016,13.542737053676747,11.531266056685798,11.639941370637066,10.388659604363324,11.066056054151186,10.738936442430221,11.887140933315592,10.706289400908744,10.08114892330565
9.948895365993897,10.192283139566898,10.057778711407796,11.686381704213288,9.628342165610315,10.958796836034917,8.654143590429271,6.778754937414379,12.683093854174086,10.79347190359661,9.226040697908413,10.010901458155033
11.06883952749813,11.633644138654766,10.379272920273403,13.017674530536501,11.198597039688638,11.832551621217597,11.245424164061143,11.007045803933474,12.803839043270518,11.635286695469052,10.595172335260223,10.484392514759625
8.035892976457328,6.67550955128061,6.517033087024971,4.433752397041252,-1.0838465926693448,8.210971679501233,4.9351967391399745,-1.896809767299984,-1.368916239919173,-0.2752177120338093,7.749665471786651,7.458583266095044
10.346465535208427,10.593291101217007,9.704034651501175,12.723114721292442,10.16746193595578,11.485872971012801,10.740084979520141,9.957413696525768,11.673195686319596,11.203567505551318,10.163073622026552,10.144536647111144
10.512778309507652,10.312264833371243,10.431782151848557,12.261515873760594,10.668940217591723,11.208622286256054,10.703270454931541,9.979574103980225,13.233378207935734,11.26873393561305,8.20623657812668,9.846176058629643
11.88730803367641,10.98243852228764,11.39506666346758,12.893869615261307,12.295478710792821,11.189455201563543,10.880026173106863,10.95492874275188,13.276679121694455,11.791918380990131,14.330088053411348,10.505644158153787
10.252222505233423,10.767942381355377,10.780728672453321,11.808749405104342,8.220614130021865,10.956090113615712,9.71269962322312,9.688721233845145,13.077028556520547,10.599781237241912,9.063255244745335,10.10728857809499
11.371855274042565,10.371519213506806,10.483807030803899,12.349586210650557,11.224168075795955,10.647654203010571,9.711771766318769,10.372950044476388,6.65309668585709,11.211297978744621,11.15962890619154,10.548442000697822
7.266026808657292,9.541170100464768,8.749987500574608,12.073929760213813,-0.8016896280477372,10.474935893783009,8.652789786084462,9.13005602488181,11.10219671421243,10.061097814666411,6.576807935806776,8.219263854298461
10.876254985907915,11.05067181311207,10.326258464194142,11.958385710613673,9.596077177037927,11.343730588431367,9.87470379069183,11.122792738365852,13.829601752572165,11.068240857468389,10.465757555935587,9.795548480417379
10.562856272443195,10.719766921160598,9.955335265899455,12.447175594788956,11.454720299846985,11.391457120252985,10.139791536807655,10.846639071802107,13.747251763896676,11.504145294972654,10.53457298111226,9.865254200481758
7.959343739694758,9.721424850608283,7.780429705238669,10.246232371013376,-0.9441361402375309,10.643383000950418,8.18228671636222,9.646212096515693,11.394493422477291,2.070710836842844,10.25994140726543,7.888894996393854
10.539493519711533,10.80174677468773,10.484978215343999,11.820888530415163,11.815498429910203,11.28393820255041,10.168285687014968,10.691039456601114,13.092508008314864,11.33261823797315,10.659170072149188,9.979641330728352
10.530827227369326,10.646610353263439,9.898435450641285,11.269205432196067,8.767887720480234,10.540805149633865,9.940372756659016,10.122592052127194,9.369935540711728,11.046219730174858,9.863461232794785,8.478572175000961
12.58724642158908,11.386540706811637,14.251354271276718,14.458149183354198,12.54781626793099,12.787155208350763,11.425131695693107,12.621084383485123,13.242801002233186,12.602134843365883,11.536409716012779,12.307215058512304
8.515487663778563,10.423336620985046,9.51464142118938,11.625017727565531,7.970449113646445,10.541437350577343,7.321554907157752,8.4035835650829,13.223606303569408,9.677388272194488,7.803493698506093,7.0939213111422745
10.320328202694595,9.20523793157038,9.667909947827829,11.779948718257222,9.223316038440036,11.131437010033736,9.133377171010489,10.027008792342238,9.624871212844107,10.668661312392326,10.28648454067964,9.275192615220107
10.329123412972182,10.134978287363385,10.26185623825344,12.047913839635685,10.186043697681546,11.246472757384984,10.824042098488762,9.450464758714801,11.752332140542766,11.167946758030213,10.783114201525395,9.78708862099409
10.125516098466544,9.721547086151727,8.590203872345347,11.663368030267007,8.850743993995437,9.897243800152498,9.307966446405729,10.63693942418902,12.954352770608091,9.607723389807694,9.289929170545326,9.534265966598658
9.789180266735887,10.289143156419444,9.741608685267744,11.908692334468615,9.573613146448695,11.029623222763387,10.244279326800003,8.9541553370677,11.496584895400446,10.934729397663464,10.507993846823611,8.795631029949272
10.485561802279088,9.763982471557048,10.307565743429729,11.938559812303424,9.151736659891819,10.440375644461508,9.840655267694395,-1.173123978699315,10.586810309496839,11.10008948887923,10.21960017181248,10.388805842064906
10.942531841467076,11.247796816655718,10.693182549677354,12.525232618092575,11.307076432778747,11.925625123543139,10.246307599571109,11.948032030544777,12.99242691276228,11.735549839639214,11.298497471104943,11.088318940260754
10.369214058495233,10.50695381951396,10.060448235358985,12.797777238612941,11.283142056956807,10.611192972151846,9.606739187812009,10.757539216327944,13.153458898999224,10.976263690514346,9.843156873514644,9.946039950288377
14.773062621764009,18.95308206964387,12.646309275434156,14.445922942680196,12.864953454990157,13.738521155546206,11.557342957541849,13.017055953530061,14.925383478616371,12.914022374825914,11.058264940670885,12.045195951052834
12.259207885105305,12.71377482412208,13.563972303786942,14.032468266033483,12.4347831599403,12.131390028705999,11.070489882256577,11.218181999140358,14.933059037789928,12.196899767346206,13.506680767696144,11.883089197674753
13.384425175845761,11.343399586116194,12.688689448784666,16.732620480023378,12.58831529324358,13.308994060920508,15.718065593212872,12.711800150029246,13.925327404010881,13.300440514097476,11.878115742319558,14.244053661880308
10.498151135113114,10.79273703811444,10.277344776967464,12.556670619955238,10.552577101261262,11.358212085298254,9.665595847369726,10.820825744616409,13.86135888126172,11.497444128726073,10.611297674947794,10.27854405458891
9.923756928152038,9.069666263233593,10.250494490043286,12.144052481333873,10.62637983425512,11.160826332933743,8.302881497593443,11.13763237657204,12.153755279551271,10.954354899035199,10.440978118707097,9.760734055546342
10.547451044310556,11.378853335173837,11.50361471472656,13.107572766115965,12.287042389784105,11.899962322835114,10.839120809515588,12.13845980057574,14.387028947224708,12.329303818773214,12.189206479583355,11.724748900665166
11.118859794031787,10.543583731403404,10.697690856361634,12.527663727408875,10.201316911397313,11.405153888105643,9.330008361433492,10.860916773861234,12.60201371022216,11.42626571334227,11.080035374625073,10.421988703494916
10.208587250818448,8.354368249295412,9.799411376180911,11.53335170485555,9.29475413130269,10.77513927957104,-0.45254428886815035,9.211271772053584,12.175802615473781,9.952375992684283,10.381478216765409,9.713377447187153
8.791003684119133,9.092077050048776,9.035011912011287,11.541103697652575,8.479070520706832,10.571492542888477,9.785399648302255,7.247591061809552,11.45188280307311,10.122141916359487,8.91518046278781,7.910924178707779
11.149657114086999,10.278563382631141,10.823805420272482,12.764745380964147,11.978864149748677,11.321248661789072,10.684470488058807,10.39985192624478,12.681498534888588,11.13456123875039,11.040006573423632,10.274690798124272
9.825765450622711,10.145463105029364,9.494431571811255,12.154059823304715,10.097255681965455,10.86984512280603,7.997351235814752,8.532197631475842,12.275034473140664,10.736570636287869,10.290099832054555,9.342341424861996
10.944637333306535,10.770896357064204,10.916655622982566,13.00936113287823,11.385889070516415,11.15527694071996,10.157622904970605,10.730568956133785,13.391413694717263,11.340374796220653,11.149319613287302,10.065174688312313
10.58958464318584,10.031032686831711,10.298419670420252,11.51539126518101,10.794118693837659,11.050354087803461,10.52030396103643,10.949230773350111,13.68415105416724,11.589824854604057,11.153800245942154,10.180486523577095
11.190684032419169,10.53078431814875,10.815932561182988,12.76827244961313,11.77164898843459,11.56986378718348,11.08120109918674,11.824125265248206,13.407682955716039,11.390260351557496,11.035894497801367,10.415700544084887
10.16238509524928,11.080152336965133,10.493887062330513,12.52058033784789,11.695171556747546,11.455023003875601,10.298407922892395,11.050011288908133,15.050779340106226,12.070430477147433,11.097176628243762,10.590722061636285
10.132174842493999,10.39676185463614,10.208174826165264,12.112231709188848,10.66502498612914,11.472896738567444,10.093388555961814,10.540550523480306,11.272590450948766,10.960803538032437,9.94663976506597,9.801233244308373
11.913786210195848,11.016103326213758,11.831627929085565,13.22204768983514,12.364487031251716,11.313291751783675,10.0659865015329,12.133905718811045,14.91910228569995,12.053066213849304,11.983887720395916,11.157173019672681
10.845219413275576,9.623048901813469,10.440820076986592,12.472550608822182,11.170637119293696,11.726955105255202,10.309260451275684,11.086084535225085,12.123730316225563,11.224448074940257,10.887110619415193,10.66490309477839
11.024957914081735,10.862618011494494,10.408916215262899,13.020001056529479,9.876132331423554,11.582202092950654,10.545960935452568,11.310701110763182,12.708004413220934,11.669434574299627,11.403618922864224,10.52694332854054
10.806988550102826,10.818589750851386,10.355782637296247,12.62161826271433,10.798964007692424,11.218608726000179,10.171822028254386,10.341461670250212,12.611576748728098,11.257614540793753,10.405462283671957,10.247445729114235
10.823360848442201,9.967985503637218,10.50553832326293,12.6748120690635,10.517000730088975,11.749977567271275,10.131705460704987,10.447073501387342,13.428491906576498,11.260637499739346,10.428072825052036,10.977423407030889
14.272694106387796,11.367848877306857,12.194166932112958,13.722637917924974,11.888950586746285,11.735466587209794,12.151681019715642,11.010790929489634,13.217368316176278,15.054012966538687,22.15985695896451,11.787501464487274
10.993047034842519,12.029875784008635,10.634081053491194,12.635563181077616,11.156567864477722,11.751724485709016,10.34285921366532,10.715545550153939,13.522444347916595,11.508447213926267,11.020575997009058,10.249037842455133
11.686636599115246,11.496721337475904,12.552796643733547,13.353060638587928,12.425889374616863,11.260027350659934,10.713773370305963,12.499434570077456,15.04666964225016,11.359927010821496,12.886816252039822,11.326329725249053
9.257092053478415,10.457944296356542,9.35837264270382,12.431649200298645,9.399872334548695,10.487526835031378,9.539658898173322,9.93269649377539,0.13050288535902363,10.494366809641296,9.621238531091992,10.033058516792185
13.176727157428944,13.089265962251453,12.955230716532627,16.225132686872684,12.6002174233037,16.12173469876368,20.29165339804873,12.123075057135646,14.274414153085827,13.379824430804584,11.710617329490994,11.746936937322108
9.2240496854216,8.996998906571958,8.219326210448658,7.013430590116177,-0.5337257753308523,10.788937184096067,5.039501925289925,7.638173977293108,10.912640965518829,9.892860374205412,9.162967020386485,9.131336346082556
10.495413411131432,10.006463026942482,10.357168286273975,12.344916110301838,9.93654533121457,11.156531270695114,10.196546350064626,10.784688547439004,12.328667211014125,11.16356253215727,10.282839296290552,10.838233772508081
10.61053750059233,11.30585591919533,10.160239101559684,12.398964457470955,10.995752617436551,11.142849772835252,10.248846829754507,10.79109231479011,12.775961686350119,11.068152235027657,10.476387272338876,9.76872366447545
10.48289989740123,9.52739511194081,10.27578723745937,12.16802091192748,10.608698099320579,11.167305867661739,10.845443832075699,10.437841409405916,13.11896319525363,11.247036957021075,9.322800673931468,9.18269658273567
11.045322481469963,10.97694841097432,10.586975790934304,13.434875793195447,11.457470162985716,11.963995566840412,11.06526519223383,12.98767944623315,12.770313836348487,12.591150791678142,11.30106255502233,11.52665443175587
14.70040941879801,15.252742180381539,15.878765276288696,17.102029615202955,12.858690188881647,12.507408918126867,11.041498588395108,11.971327465062599,15.064204282034424,13.00828321708376,12.78051303610716,12.483450412256175
8.992366215840413,9.900945503003493,9.678934275624682,11.303512353514794,8.97662629747858,10.56121944168423,9.93945708861955,9.230836834245158,11.573001009196554,10.777881815512327,8.333057620879075,7.236301614163808
10.390823946259252,10.132653262663665,10.107567507255748,11.929192747119323,10.091743531182205,11.065706305012553,10.24556607344819,12.231328070739856,11.010632647592292,11.23413963620979,10.818169251468461,9.952523679523054
10.226582067515464,10.729239868882203,10.911978199049502,12.497533138844112,11.816534086336196,11.693520297068977,10.972853549583817,11.801518129299266,12.642018244723861,12.241185264179768,11.187233350565636,11.507108031649219
10.901481000750763,12.300873523953953,11.830469272481578,13.233356119754824,12.304394800716508,11.379655004599917,10.888202028004963,11.506211111511774,13.729827231735294,11.800760256532296,10.862854542024841,10.714880632650472
10.77929387778545,10.889403506265717,10.612319640492855,12.00268080313392,11.535659059088403,11.467532452463916,13.184668052749217,11.503050056555328,13.25831693418475,11.474440644434662,10.726398120874842,9.521650487359638
5.846193185413971,6.176506736441591,1.8491895079021745,3.5040847420336654,-2.0049014627566524,6.249681383955449,2.830915263322324,-2.044618457705884,0.6067650245902262,-7.707131283792446,4.492969899482931,-61.732864571436366
17.27625233772373,25.634550034055103,15.777005738291162,20.044651289435652,14.450303107334886,34.79959389876196,14.183940930024125,13.376164453292839,16.068553075161365,17.00489188334767,21.14261986596312,20.21241924170532
14.948820854490956,12.20928391195587,10.943137315781113,13.301279201574305,12.881921893219454,13.842716353616414,15.423104175885484,11.311860087579177,13.218071200605996,12.252259608995734,12.541592183774737,11.902336937343808
12.050289158906505,11.194904350330555,11.416298343869927,14.30138150897935,12.035867654373167,12.770290797177918,14.475387487547431,12.46240900317256,14.270274307824439,12.166446346679457,11.575121564605553,14.116167728568188
11.044324572838567,10.980243142383285,10.51982206120197,12.881508777414481,12.006400779943515,11.509188433961349,10.138991626218713,11.536876701798311,13.793036572807253,11.667582147012432,11.9006447169773,11.463665726768516
8.846504396812733,9.750684401142568,9.77184914724301,12.49864959151175,10.661010060161752,10.997825997065357,10.341142821839806,10.710809973351864,12.739460809823477,11.379643168599197,10.108952158429675,10.24074564129181
10.272927654470765,11.047152136170492,10.358426182215695,12.59124662373658,11.214165595798246,11.552243323872329,11.050792892979203,11.382860659998014,13.749378914181195,11.279023060659851,10.703927724603338,10.417970404390822
11.58324233575891,12.093435737828301,11.726846344048047,13.16192660053234,11.733477100301005,12.380307015921685,11.429738251953484,11.110522804842569,13.392665371303117,12.321525490409313,12.119187330239807,10.754826346608873
8.583096169606426,10.354267773880053,10.171821968874548,10.85197020827076,10.51764137270769,10.987836535425288,10.132408740673577,10.140190099391427,13.064978062012745,10.861637728738893,10.640999134511635,9.434340752107373
10.04234729856798,10.727135132220447,10.012695182465604,11.862473524974424,11.035682899830652,10.96273861386513,10.461351729176783,9.577363288845914,13.303478737887383,10.205169481597567,10.15705078358397,9.785713596373427
10.301778978403274,10.609331320260711,10.564776936349901,12.275889294603477,10.784691450613758,11.363899201025323,10.247585288695749,10.667250774757358,12.69442815508619,11.323618912622221,9.240135251226402,9.908385600839784
11.885082587974228,10.9054409382155,12.280322942307807,16.124324578414736,12.780699017889603,13.146357516117998,11.11571327893517,12.280447192548644,15.425840233145648,16.214788435592553,14.42588298701661,13.308107817632344
11.30680639384131,14.763780699577845,15.255912309074514,27.695357775306523,13.051137993170704,12.490017610770536,17.71122257316608,13.290543161785468,15.752847906385597,12.868694550951947,10.75308450226967,13.541685451821472
10.536655705234226,9.666030101062752,9.851334139702507,11.049191864848478,10.123192018884161,10.10226221865632,10.078531346372193,9.627883188323858,7.344747739828881,10.578774967398559,10.50955061463781,10.177793199258785
4.654011133729228,8.735056475819702,7.4337285708486505,10.492177642597914,-0.18333953400060593,9.835310604912829,7.188358142022726,-0.004425781574290904,12.873925330777256,9.698435149556646,6.177009871481005,7.02724751152288
11.133425514145657,11.122730106824338,11.570771928570071,12.824728655933333,11.668791072478419,11.835797809731913,10.301925694969736,11.369236308363694,12.652128187856594,11.899199263670127,12.642289611953949,11.146769148268069
10.533804701146254,10.711439119770473,10.212393593204663,12.61208478557013,9.677899724056262,11.230788868613738,10.404481841450584,11.623294785188845,11.226451909421419,11.506602339994824,10.621830845950834,10.354164701232829
10.264350536603224,10.109830240761228,9.36365680326256,11.91833010861809,11.06796411715777,11.185573622381922,9.618957523168273,10.449988230797175,11.962398014302549,10.889404113173343,10.76471998001005,10.18924789787628
10.682203125685986,10.951618654141598,10.477973117748613,12.723007756823044,10.725230951254483,11.133782846625055,9.137878159640056,11.214474868620696,13.272611018912162,11.361934109887782,11.303029215041235,9.567307724326387
11.045617520757714,12.010031159731433,10.355639968383484,12.87558771286918,11.429943734981318,11.389267990581537,10.401855814442529,11.388144901119624,15.243244909265854,11.01795354899152,10.99843434471583,9.92779448867767
10.13830207725626,10.02208193203952,9.434933249306244,11.046928987706238,9.439779760228433,10.643560252290929,10.08516338578238,7.580956593854744,10.171968543070921,9.1543470408417,6.486814666723632,9.49201146625761
8.998473226568935,10.761916438327512,9.813641143991273,11.720672856942679,10.754857069986713,10.987470435288607,10.37917055112382,8.787664091177069,12.896239250027426,10.881561459083441,10.193678811023636,9.68160940619132
10.534309820496599,10.342801323782245,11.04647506788718,13.513064241154103,11.870967975012226,11.435574814486394,11.5408773263973,11.227972673198298,12.737623568351163,11.515444808828299,11.113296732263104,11.009327222374766
11.005186465825307,10.587439983522087,10.75200762463843,12.73407742452129,11.62176698586437,11.723337154359974,11.628569723390148,10.798712999488869,13.126659532839797,12.029138373747553,10.72325957685384,10.66650348483659
10.857429814678829,11.933481683033222,10.768714505143704,13.448384765220924,11.394084603130471,11.481321348682364,10.152811325379938,11.43534710597645,14.56754450040655,11.538883971276354,10.764582357061212,10.573065043681382
11.694607057414117,11.538954629208446,14.39823903967816,13.12364620230745,12.344098832998759,11.967880523695904,13.012377794616642,11.516531592090798,14.623747207694162,12.345990723228915,11.045560331702793,11.338744932133054
9.971889839001852,9.197829290921131,9.172194020300477,10.85315195439294,9.339119409064603,10.078076638162244,7.643868917760376,8.942505910303288,8.052944859010776,9.262372974762169,9.470372925083877,8.915039880146074
11.744308679290285,11.55350581046622,10.628620730273909,13.219600441541312,12.802394135020053,22.376419043814785,14.868121828080792,10.963071977397735,14.611194480201107,13.38424807816254,12.741730841135835,12.732395993751638
9.021586072943602,9.83275716130239,10.036002759901674,10.95481014433023,10.118239651337214,10.856759056722144,9.977993002658222,9.016671759193729,12.147953539375772,11.121108612169364,10.551604145338674,9.498162400673714
10.033389061079369,9.991433566850393,9.522544344204409,11.498231649428527,0.4084339327953565,10.791531153406002,10.19196720158046,9.772845297679304,11.665140127095036,10.585241664355927,8.634684343324768,9.180194496045786
11.22422286066338,12.170009249244229,11.118637656615865,14.003286357578096,11.727474540827991,11.534119408382296,10.490844714412212,12.17208781634364,14.648709489136607,12.286365444354256,10.945762415570764,11.191217688033724
8.747889229523786,-8.352133570996356,8.543935396309044,10.135037740519792,-1.1651890817471526,6.722380119276784,4.543955948973012,7.853504946699456,-1.8493584295262802,9.919011665207853,-3.6634124273800044,5.300735754832141
8.538025076665566,9.389347315825633,8.186855528470335,9.716297451151927,-0.680991776746259,9.094296058507839,7.023614835561199,7.792924670188339,8.728167284477868,9.646949381784019,8.303436816332592,4.513822763587303
11.577317750604005,12.882378779407658,11.49664910815392,13.999806134591905,11.739251601616658,12.23093069093099,11.010388614319382,12.170910139527953,13.542468630564727,11.847647137486579,10.951180311951497,10.472689394393127
10.19033321764015,9.957637335180504,9.843792330156667,12.301006970376003,8.699224494431526,11.145157903083216,10.354035754338156,10.877648418562503,10.472790034529856,10.78957644979715,9.671142913407367,10.232413754838266
10.349044389908672,10.172745398800997,9.957130046363805,11.710755448571408,9.735861453983643,10.609931272319832,9.786475006666366,9.806422241073335,11.330826199615794,11.097222842871084,10.347455879151761,10.24835754017692
10.485931360322718,7.732533814940528,6.426465310599652,10.94189055074207,8.164692557907042,10.753605848179053,6.278099202290149,9.20425510646226,12.1513778365041,10.53228265372509,10.136221774225119,8.074594034097025
9.974104452932432,10.045775234114442,9.89869812374212,11.719192334380303,9.705019871119188,10.807958647936136,9.956324889032707,10.241019555944124,12.89635143852467,11.228794173893498,10.179322412516003,9.703720386787452
10.87447349291891,10.593979828899096,10.660913723786935,12.353094098102515,11.022313909613635,11.22108637844027,11.320284650321208,10.134143614262062,12.849077538529805,11.480104902737517,11.039318839850058,10.105978000280098
10.695691624314453,10.54670040816322,10.04041695493134,12.35163237088025,7.426938510025073,11.172640406831288,9.158341294526412,10.406678405509927,11.469634416965471,11.240940476603951,9.729365772310656,9.199794035437495
10.423923997852183,10.649394063699168,9.839491452760782,12.172780942591812,8.345562294770378,11.269298848440343,10.850913486329805,10.081162261277813,9.577838058318656,11.185197763539776,10.927478457255123,10.382749088475602
11.715997872338084,11.079347015371292,10.744851588644845,13.049349315943253,10.584567613967625,11.507820006679362,10.642856804888229,11.64965668959279,14.886304850860888,11.44592172601577,10.68190850308697,10.98336384967281
11.084214378183495,10.64213418527192,10.899779625021775,12.391388669122192,11.936190703094306,11.238931378617407,10.915532294786349,10.223913839496989,11.949789457646855,11.674212341223978,10.597930989761382,10.404410036632862
11.136283198652828,12.061994246215376,10.739725767234967,13.521586288403567,11.670175206208603,12.584827107200994,10.831446626299467,12.032966185044705,13.705469915566152,12.218142136211826,12.123625958168985,13.010013281381307
10.562642961310003,10.659081675170537,10.268342452570604,12.305151878222487,10.789550877783096,11.651328595363255,11.860055966627247,10.462375867118517,11.902799148742128,11.481695163728775,10.255517615583406,9.804332307103333
9.24638612684325,7.9860155525504775,8.04528726611156,10.235950913943123,8.285957227031679,10.934954557145874,9.53468328812206,8.117876600997702,10.848476657946176,10.81814622949907,9.118424778724304,9.715476709731584
11.01115488556746,10.756720610940452,10.71369567549575,13.120999616001685,12.188700807958842,12.269332010781573,11.715188849741034,11.962611096688667,14.444523862625644,11.795831499698597,12.142382733399643,10.838305198007745
7.972377144275018,5.880746637979748,8.92845676164711,8.82117854654851,-1.683921986165316,8.012896611883491,6.819248142355535,-1.167843159938653,7.3914665720037025,10.29218497427835,4.059320873423894,7.224592035628213
12.245521828927567,11.431365935482445,11.635955014129012,13.121763816236678,13.06067606068997,12.310945295126539,10.939582006897878,11.306398488420115,14.686414883990489,12.128209422904732,11.868748573591859,11.167190996609577
14.22655871735343,14.905682755897413,12.321017447030187,17.1726947232659,13.405090953869133,15.833134245030811,12.650454406549754,13.366208711552396,15.381364756541753,13.694052362911208,11.425831272323002,16.17506912461381
21.418904881184318,13.898021363713479,12.047781422589603,15.232493068610829,13.461532513895836,24.015753280037572,24.29635951536188,11.871913722331895,16.397733788144265,13.859181594095478,12.367464546171787,13.28498224431749
11.057039038699871,11.432384241470954,12.023572152000053,12.585500555316207,12.10376920963995,11.68310441855764,11.480608749413422,10.8640658428581,13.680111026506163,11.830870024967043,11.808033537442714,11.238502479387988
9.51135405298624,9.244430543377886,9.190296085238355,11.405982690338888,7.05570457718767,9.643370328396452,8.211079602840549,8.822018771781032,11.038997338289446,10.573880722960372,10.418203082631573,9.027737027562868
14.411188420953621,16.90271846857072,17.597933517505666,17.582605404551252,14.289703024818394,15.474648739522118,14.015277283029345,13.403248909657837,17.011813939225082,14.480512163750454,17.29167254834373,12.309535873737932
10.898685677601172,10.872701022665547,10.547972446380856,12.445501341191228,9.986292474103696,11.141707316558634,9.817762083490582,11.381164655038937,12.77392975998699,11.30109198562647,10.848407862967308,10.12601739898475
9.989877146019621,10.287701307524722,9.875732896115395,11.138387795317497,10.48901982607468,11.17654457577992,10.399490511871406,-1.5627795877838957,11.431782736586033,11.220014312059355,11.001265708668958,9.524323767366917
10.251218151425528,10.783624061433802,10.551410081206354,12.39090582491264,10.813094924802773,11.097289104962988,10.829723014750883,10.93833529063373,13.801070748099653,11.59388154795801,10.687319589988757,9.606731372964394
11.3669765938171,10.663237344074645,10.64689873893024,13.156082580937435,12.365797620922663,11.815569866459187,10.998403249592,12.236320800062138,13.545782434990521,13.667638726216055,11.840170725607441,12.023100463349932
13.99636415011246,12.151969364213281,11.732502194168097,14.555240518415108,12.064035647187321,13.351885298653679,11.590248764383052,12.078319795623353,13.721011919789758,13.452534307180155,11.437737188184688,11.092002114841666
9.530826457397447,10.314977729251963,9.418695750694415,11.722073067045482,9.527829454898832,10.477777503090852,9.84816980461335,10.388185036644593,-0.5268835204133426,10.043080158830115,10.08616048216447,9.886619501663716
