EGFR,IGFR,SOS,Ras,PI3K,AKT,Raf,Mek,Erk
38.53776819151152,5.912286475589938,47.35862869029986,44.456574727178904,63.47028376994313,100.0,26.759307329454327,78.07463420748998,88.32548220128638
32.38861359244373,5.696936182845943,40.075639228627495,56.39352252449959,61.46337317851832,100.0,23.929940763566012,73.1383502255224,91.02676355050318
37.891589464563936,5.671711629466268,44.60427062069453,51.553466954012144,56.61195753352326,100.0,34.60424384656545,66.50803524216748,93.71155730641806
39.157328671597426,5.045039513400689,39.56268398301023,53.32170632623026,65.92820336177437,100.0,34.607729527529635,71.21096352675237,94.82936290322452
40.015029128602684,5.279844852934935,44.43384934349649,42.09381473248596,63.2221538735953,100.0,27.906223823764936,69.91887769715886,83.59613787097099
37.89850473121988,4.702389501941757,46.390733250359446,42.534309227063126,60.001392746245294,100.0,21.0666709348717,77.414810154108,89.99916745769737
38.30303005221383,6.075080097726415,43.349707077271056,42.641119737595595,56.12389511706867,100.0,25.838570126269662,75.8461225319931,84.23640272464348
35.527833691855825,5.462146238234902,45.65504448393973,55.986184101338495,64.97758214860585,100.0,24.176947625644125,64.41537053195165,89.08205336281088
39.608484269816316,4.486469374929582,46.44738379502602,43.76764646582691,62.13856926881855,100.0,36.519855243201114,72.5939172295218,81.81755034090834
39.91473954031339,6.527692907906834,49.878479736995686,47.08796923786848,68.36473510861622,100.0,26.66972073936137,73.43972822673189,89.17849527176925
41.628415209757485,5.761429221255661,41.942355317303566,43.61199201161363,65.48847492927263,100.0,27.48821936155364,75.37643383135125,90.71497094447524
40.23650156524314,6.005140581698088,40.18123014151834,55.84511000994778,64.50184385913161,100.0,30.403733347575248,62.24272415984203,87.25853367953982
37.34685848378374,5.474677279406542,43.53142189640811,48.62105116751252,64.12451886889652,100.0,32.31843367707524,67.38984118022682,88.51342484453002
37.10367130214468,6.128054260046909,45.33942580161299,51.73175083254482,63.00178581890214,100.0,33.65618367577559,70.88660445424522,90.14132019468542
34.554733172326905,3.9750816792004846,41.03183742666329,38.2462836395912,56.78302580114503,100.0,26.706152940616718,71.39729553137948,83.4980089634704
37.40043803749971,5.221148730503682,54.072287257013315,44.49277324114468,61.81912211582524,100.0,34.72465295263063,75.99481564818286,95.63144534997771
33.74011613604126,5.095486458402847,46.57082149161038,58.89204571972598,67.37245856219515,100.0,26.17592982945376,72.54064370806819,92.78074898416489
31.68862224781739,5.480163088521716,37.298940375704724,48.02079103221677,57.78951064049366,100.0,27.748975488338164,75.30517253583665,89.00801004116299
35.73469120835968,5.94976848318675,54.019467548063076,47.1444193062658,63.916785022463394,100.0,27.359300722367557,71.021951194804,96.12508255093252
37.740499912217395,6.745642748748906,42.430866547294016,55.327112889376906,61.102438272237364,100.0,27.906431148690494,72.65671569420324,89.38845859270934
35.78082717788038,5.104965770130449,42.873015120173065,46.431612944750086,58.96943953917351,100.0,20.64450743992179,72.78523982562749,84.31581646003264
32.20383828765356,4.713862339255955,50.52968799116325,49.894028772450376,57.39249905478892,100.0,19.731248644447593,74.71851832494104,80.70274844726006
31.6243603657746,3.184103417229141,46.29364376010698,45.62305591318136,64.3902029872397,100.0,22.97550527132441,77.12531345017787,84.35721829425499
39.8899383310815,6.707534470322634,47.46002066875198,41.68235900838258,61.02572517810425,100.0,25.126049953633938,68.67812953161057,90.94997345110214
33.64499180361727,4.7414204264595305,39.9509970270843,40.09282860404322,69.99323448806821,100.0,22.93223632525967,67.51825926181867,85.33154132755524
33.74767613448815,5.138766620405201,49.240649012977876,47.95982566257788,71.54319750214563,100.0,22.488884758188842,79.7421911021112,90.33026491020973
34.09402518259108,4.645813877796834,43.65251616653225,47.37972352784609,62.09815462484046,100.0,35.468510550925764,78.295689561579,87.13728670752245
41.51022414489468,3.820000306704938,48.12245179557134,61.71090662004574,67.18138255899645,100.0,32.300657655259215,67.30648417676404,84.1373572299242
39.23110184255029,5.03124071175514,42.18520051828609,42.78946907084852,55.16809260140622,100.0,19.840978845072414,73.849132547608,85.78508934115709
39.69484850430727,5.620197764593232,38.54805060718988,48.70587987731827,68.03069840026619,100.0,26.90122021966565,74.27249420907239,79.23946422286944
38.052129019690845,6.885521813044019,47.12557417063131,50.97283561278447,58.50724513946724,100.0,29.127201567199553,78.23885186070113,90.68079199430916
37.90277638664681,4.680452763929864,41.85581889542556,39.796790286214126,67.05727325876997,100.0,25.238048911755833,58.70316231050637,89.13481220451956
35.88683138156445,3.3383571467364,41.038665436380185,51.64785567516256,66.45829725287828,100.0,24.651780273409603,62.12680936775687,90.09362068628761
34.48029719517888,4.882569204539311,46.27984219132581,44.50468261197816,62.45127965994162,100.0,30.936707438457226,72.29605067007988,86.64976254064065
32.16398569837846,3.9334907217177912,43.672758300305524,48.95742962998611,59.59078339413183,100.0,31.47105211248622,70.2943686278713,83.95140096720827
31.62639160826036,3.592137961824657,36.26058789121946,41.086292966436964,71.30980955146681,100.0,22.919088344051765,82.96973242447811,82.64901964785751
37.23229703028768,6.448359590986222,40.194113267387394,42.66229150830393,67.38654166281219,100.0,29.321292685390368,68.94139910953838,87.12272371290317
42.191821993430075,4.101071127200975,44.631974229648115,49.00657757601676,64.66978148480761,100.0,30.754690077404742,60.314638693985444,89.1368387095276
36.6790948595074,5.103343055665759,51.896114101269156,39.06195004052145,65.44173745095407,100.0,23.506178097262627,74.46031737823289,87.70543380641476
40.05997891740448,6.363217413225871,50.42644476898012,46.9581869658632,62.78387740197384,100.0,28.854247733893455,68.57225666715725,92.82483561494047
29.784947695896115,4.120254910038543,40.26577158352411,46.51986404567969,65.85215396012102,100.0,17.66738145622991,79.6516995471106,90.61425820078045
40.69451094129876,3.329371336645699,42.840006052804505,54.35064706731431,65.22746493518102,100.0,32.58957375555477,80.75313526634572,89.08067437444204
40.041748129980604,4.473254283164003,52.959931782225844,54.95904786869277,62.98916738783146,100.0,25.383000433036923,70.3047433133975,87.29713453739687
36.001466161888615,3.6539231907147873,50.2421643848094,47.163307087834156,66.07266298206191,100.0,30.049710067254978,65.96995228843778,89.56679054052366
35.9406629163,5.241886207574709,52.007739601218475,51.89770828966982,68.15128567652293,100.0,22.080349505264174,76.44745559069557,83.9147764121538
38.876886215071934,7.025861493219552,48.47004024778187,46.11416568647745,66.2483180691849,100.0,25.015482372787893,79.10142145053243,88.73257635886584
38.826990052470386,5.296769114891154,34.202148721726765,49.93003307786916,67.20204010515842,100.0,19.71907756325494,66.86331862564163,88.90792369813583
33.295088073605676,3.8737434034562677,42.002741998755326,52.79777364514409,60.196984560252346,100.0,16.380880994873316,72.6238453616048,93.21062733930061
36.84229789096275,5.753741570033889,41.8218288441116,48.01518130650495,58.875917567835195,100.0,20.94839035000084,66.88911706660119,88.73884625203327
40.1492580814618,5.141858975350372,48.41944256281769,43.43708854078693,60.62866640958607,100.0,33.07553667210658,68.5372128584184,90.32376352700042
34.22365659001732,4.644528691903134,43.694375600230146,45.00196361720353,54.77951819846781,100.0,26.402560278695635,71.94940280085302,90.26000232429217
34.47495604777963,4.794595459214498,44.28141764851789,43.92944348375878,65.40007965235522,100.0,33.068004591486,74.0853533507663,91.70151395972803
37.529681299135746,4.927632733507191,40.77015067632686,49.07155772143248,59.64898656864872,100.0,24.32781817031473,71.6472289038735,82.60963273631431
34.46446548452073,5.153355941036217,50.352129384939445,52.52940133127556,62.66772948420538,100.0,22.67299425031034,64.52560226977697,85.2794776676388
41.353842511201194,4.263552088229813,43.647864237673964,55.65720490481291,60.95405163938903,100.0,28.228144926320944,63.37628320250097,86.26928089176603
34.682849854124676,5.394004365032971,40.8335814445069,53.281311103745985,59.41032580770558,100.0,27.658342853294766,71.35325244722586,83.38767779886633
36.64895960775498,5.388920438746933,31.98251108598806,46.40526413858694,71.55125534158273,100.0,28.484056541452368,72.21996678204914,86.79859338896141
39.64649993922342,3.917305148728273,50.13702326210836,54.75601991680465,62.38475794863765,100.0,29.034497279482572,65.57543747059236,87.48864389948274
41.13176736876068,6.365870830176882,46.401973009837384,50.17268593961598,67.34070255887038,100.0,17.683223374860557,70.65043145788981,87.91930108706457
35.235220190634095,5.11602553099431,51.46294602500015,46.70403310453223,62.04642520582359,100.0,33.93791464498202,68.1153361985059,89.87088799882743
33.732630754867735,5.368882028354438,42.29537797688485,41.23939930339202,70.19483324939449,100.0,28.054487677961532,65.32465617233862,86.44559896361346
37.22426326637766,6.1495341790281834,41.2894563679485,53.3018341043346,62.62503662007511,100.0,31.52767451439553,65.23622758975634,87.41348606120549
35.890155731301896,5.202226154146376,50.73465631551461,48.01606380119416,71.58369003823724,100.0,24.496975000161857,67.42978694836026,81.95272374715718
37.0202218764327,5.23267235762275,46.4026931946664,53.904445013406395,68.51267508323865,100.0,33.61820226188347,76.07562591440947,88.90936348692377
34.86281774249449,6.000344615589848,41.64187768187264,57.26477340305233,66.44689026639163,100.0,24.222220364326123,69.1193558710934,81.4973781835763
34.9804424179701,4.839346492415617,54.0500685885067,54.39581777950624,76.12570048280506,100.0,35.8548913723008,75.87353572661279,84.62689165356139
32.018845468208255,2.8139390910862083,47.34041897918552,47.074690506863284,60.615945079610874,100.0,20.901562527842287,72.99541758915655,80.31267177758056
39.98741422894499,4.998970237601762,44.278364909480544,42.00980339100216,56.21506669755495,100.0,30.349551372967166,75.83622096511668,85.67313053963129
34.32409508846023,3.9395998138079067,48.56878053688044,48.981025159095424,68.62988371020252,100.0,28.895857039062147,72.40647422265164,90.30702713087531
39.046735479076986,4.798116132517266,43.55130046365272,51.45439632033405,70.18495238413362,100.0,18.812831868149342,70.70712227798212,89.1030946086272
39.079601334002085,4.548341271021302,49.25032499168044,50.03019722088381,66.37626893308077,100.0,27.460805975187434,71.20570699232954,91.25625621689485
34.78875806564578,4.788620851877047,59.049029743778824,38.51659761826846,68.79961676834859,100.0,21.24432764872044,78.82850472859721,85.37932667675919
35.85941476708133,5.894617919120002,48.65473713899306,40.985501507320606,72.86942221678683,100.0,27.636986533088677,66.63006319909717,84.91918641452267
32.01558593658179,6.1524781691782575,39.17197446483678,46.27316215192259,68.59497232846574,100.0,26.6819316381122,65.52457078843916,88.90979840657667
41.52712840000257,3.651789529883204,43.6009576982112,55.68212511556576,74.28134441509215,100.0,31.34554497012609,74.49983951144273,84.63112198761704
33.62950569413309,4.722768762555831,51.348045691329595,51.50735465483052,62.9177722062501,100.0,28.27594716690875,76.56613556527233,90.7528575149851
38.448647005679945,5.553381959325394,49.02682431385685,50.637871820355684,65.38188232183481,100.0,30.045137789929445,70.12566385982814,86.0236876371545
33.303168476998806,5.24974095343073,50.17793171717535,56.454981493516364,64.48357379265752,100.0,27.42011662998766,65.91769886209087,87.60922554507891
38.058388205374875,6.519143543617312,40.9691244683313,55.46312334280419,64.27276938768962,100.0,17.010720818213002,79.15481035592602,88.11218817206228
37.588712183358524,7.47231710260167,42.59254617168464,42.00373360483064,61.955316311962726,100.0,28.44982789840155,62.40085505979638,92.76106089726481
39.67113695953869,5.162278775116339,50.60615315189964,43.4349346686734,63.584446565771074,100.0,17.658330327062593,65.06322325204695,86.76286222675422
35.78719902084409,5.218819987381389,49.635045448461085,39.51002334006362,57.62919342756653,100.0,28.45725565395547,76.93429857318044,88.12355596606831
33.85528191872665,5.5303471921388345,45.24800466968224,46.36360670272326,69.42038168775267,100.0,23.798719102788333,80.11164182839747,87.484489647542
36.429654545624494,2.746387660063281,48.956992501125384,52.509263194307906,64.65910659450621,100.0,20.94065475424643,75.85269569091375,84.74076887394699
40.74070940233762,5.956113329720216,33.893945177553945,57.37853428851515,58.60035609769452,100.0,35.24390399289429,69.18896537630859,95.17896317254659
38.33388471475135,5.087003320843191,42.59555166363016,48.198630464891075,63.924424470727786,100.0,19.585671120834757,74.23785421460441,88.54671579239063
33.957735273391535,5.15847467789581,46.69851058774047,41.471691909573735,65.96637431610722,100.0,23.91409713051414,64.39555854006286,90.71926938313592
35.05996751145901,5.933912208619641,37.951761503228624,54.127913742973405,64.21138266459158,100.0,26.56423219938933,70.1593633574961,80.8032503198916
33.33276139769953,7.131227785498098,54.20945002845605,44.48941006307703,63.34291673342159,100.0,19.988879878660086,85.22662050796549,89.52249641858461
35.7799808240937,4.462964571650816,34.20342019714529,49.54871110577922,64.30705783768822,100.0,26.346973676010283,74.52115807347083,92.66790364208266
38.7569932560809,4.554599719387939,37.54576869402438,51.235923489413935,65.28083880138257,100.0,29.418915345395426,69.01462028396918,86.4197337507479
42.67803613986572,4.743508707386241,48.68750458847896,44.37475785001066,61.60868001727428,100.0,24.063177215550116,72.75811173286328,86.95084014865715
31.59640636490199,5.6437980755412624,45.47213419298645,47.71423046765942,71.16666294446084,100.0,16.52216094700438,77.45353772840978,83.93486154600447
43.14885557470582,5.509145051632059,49.46493891660042,38.97312738183927,60.0089440590503,100.0,29.343948247135824,77.98537584556449,88.22006716966621
31.84480244899931,5.884261991952967,53.89065655832985,42.00845712559458,65.24683375263949,100.0,33.79635081138702,75.54854579104952,85.99499173770059
35.1988952551194,5.615387259564377,49.64906210268346,51.999290807538486,70.30289847406594,100.0,16.7977242683849,62.619351423518566,86.01579674186712
32.1458622404762,4.661465620156704,52.81212998223874,39.06899902561684,58.13752173456919,100.0,27.482293609100804,79.04647500122664,86.58329673713561
34.50679010235591,2.9915364763624863,41.11109437010879,43.106119690292275,66.93455199523808,100.0,29.072478987290367,73.78935631173339,82.25491587773497
33.53711631042734,4.488561716898333,50.245392094917825,47.20954469756492,66.30223701789647,100.0,27.390099398143754,77.94300657256572,83.55982558726501
36.06763832301858,3.48805963947473,51.249809952939884,51.99178557838531,54.32021472246325,100.0,21.299677994271654,73.36250663988046,91.06913812799397
24.605079507539656,4.835649730052792,46.19214549846596,43.3371000606604,65.83837783341389,100.0,29.5999479799173,72.24350138692309,90.2377738372845
38.22415942848857,3.2433395787361103,44.44717279703491,46.432674099673164,64.0226387070219,100.0,19.151214930751728,73.86285677801565,82.86929601831311
40.30498199083174,5.4670145781914075,51.18536163013069,51.136118209883556,60.28556455404086,100.0,33.05291233692426,69.07558155629879,85.98143748282645
38.50579236447273,2.9021897895681352,38.520385722618315,41.028595635368035,67.78043367148385,100.0,19.163072586137698,79.42845633681374,89.3143525407899
34.65165663948954,4.689602001936532,46.05229115417124,50.4551760014414,60.009784657942305,100.0,28.855600844865226,63.38282825658052,88.19417293224231
32.7429999262792,6.120434674492387,46.99572547230779,57.50362364529325,57.709976256593905,100.0,22.08644886002138,66.28260233145306,86.71805547934648
36.08730593155182,5.487439398711241,41.40510809737053,52.459241005897034,58.1757049812798,100.0,24.41438262742084,79.86077079101568,89.07034671703485
32.154383295143745,4.72454985576441,50.03431527707769,49.29103657572084,62.26079061281806,100.0,33.27931969648492,65.42579011868804,84.26412012676903
38.84347923232379,5.608217497430362,44.4361450574769,39.43417743593601,69.05687913356266,100.0,24.770809811885137,67.91542383094706,85.25136351476613
39.2899090314246,3.7257228654557606,43.079297526006634,50.331035574031986,57.00019675909843,100.0,35.50960247988627,78.76566502108598,87.64455838798384
39.58461431978493,6.286308246057218,54.43899241591637,45.23017883936391,60.47593561275767,100.0,19.741440902968087,79.69726452113174,88.30146736926076
35.93889003237127,5.766912221446943,42.47859051170616,48.21893936495131,67.23038345152573,100.0,28.557070171366178,79.74063185625289,90.13563538090926
38.31799988384453,4.604435465881221,52.45092232905078,51.824328991185475,66.33734213342021,100.0,25.041363250297742,72.4695244351038,85.3015460939152
39.701879730048525,6.022177565876212,48.60459873474918,37.62849177860059,67.50146331496217,100.0,31.660529802763907,78.2309265256385,95.45315380391555
39.02249145295259,5.136702415100071,47.37899146623407,46.13096109008315,65.68470652860103,100.0,27.89161734645729,73.08584000878997,85.89424169412449
29.761413511763337,4.922967400230145,52.298014637275145,46.612420944337345,66.56482438603659,100.0,13.087968956413382,71.75395572278661,90.34890140732931
37.02095458763718,5.3126215731129705,47.69363263025503,46.508593038145,65.6055935817837,100.0,34.01470626883331,74.77267339859496,89.58703513780635
36.47382843138516,5.7585276373163605,40.99368003223779,55.73690931573492,61.523224392099785,100.0,27.61557240685654,63.76353455378392,91.79747095446535
41.05628438268743,4.574779425669826,37.92923541882552,52.72606219393346,63.00217255475853,100.0,31.75488951487555,69.19372555585495,89.54426298004168
41.1465513021778,5.322403918658771,46.20310691213904,53.72665643117047,67.84496500600514,100.0,35.58597763716662,79.31962260339664,83.20803366098087
37.823745339594176,4.211387328460805,41.87277584656703,36.777274832673214,63.04502365546904,100.0,26.429077359043927,77.83195251620421,89.44028489787833
34.315989512279806,6.089544697820527,47.70547518104413,51.049117686492934,67.87952569447354,100.0,36.879078936514745,73.27779763767994,88.99049345893877
28.848417644234203,4.5416611718160596,48.38148694989448,37.758608357217305,59.50885165614166,100.0,19.70640251418107,80.65476530411198,86.76372699598262
32.950333462720465,5.42982895858469,49.4121826482772,41.18866020490835,71.47649812219343,100.0,25.730062110439356,66.36670410195636,88.37842517709905
41.94524954398936,5.385991133590185,52.858124315825094,40.61845131077985,55.650366600460764,100.0,15.599743739878821,73.75767947441814,84.35255038474988
32.49752251306097,5.320576182854484,46.12656452258278,51.19617360201795,61.52428367469075,100.0,20.406242563395338,80.47741218899056,88.99117911058555
35.3021855821337,6.177234992434654,54.402653533722926,47.79620357371355,66.40383631073949,100.0,20.54830104812426,77.4877251390818,80.44069359779444
40.889952979050555,3.1513108771602205,47.55621893872919,47.06834834473069,64.57931466074974,100.0,33.48368522480075,77.36345470266164,89.22491746865367
42.15891871726682,5.2947591065962305,48.609532610236265,46.92205206830095,66.86890505645117,100.0,27.019901387396885,69.47103636131243,88.17835486706872
35.274090411425746,5.562358607093361,43.65247561401315,43.17810896430855,67.5406036625358,100.0,27.150633358189246,66.83394247712008,87.76683701165287
37.5295419283677,3.838898013629301,45.05696965438858,33.12900372535597,69.5114605294386,100.0,29.97627799103994,67.77714902899335,90.52054185631428
37.893026972592196,5.067205817401573,41.40413561901775,48.4619700980551,65.57547771099102,100.0,30.70712109010161,74.68310770756737,92.87508366340411
36.54594239451825,4.288220286678147,49.882464967444896,47.414319304117484,69.31558882362437,100.0,34.43382079707836,73.42579389804315,87.37358017552202
31.85517130282245,3.394115440582162,54.73777960709827,43.37313154277642,52.26241642001688,100.0,21.65214543878373,72.15743259041807,87.44822800740789
35.49488456651851,5.260159572947922,50.10253524690081,51.52476341576393,66.57745775688954,100.0,22.636499537493453,64.37481867847228,91.76323557840286
38.76788894193248,6.923627750128087,46.46276413219157,35.90758405069295,71.65087905184166,100.0,20.248231559120114,75.09920717337792,87.43033409314255
34.88428864064935,5.515770195604959,41.546001118382314,43.465014679779316,65.04651717056473,100.0,22.38624923991815,73.52044172583442,92.57090840319896
34.61776225041007,5.572705849126303,46.35907080859762,43.431006943927166,65.99844959806234,100.0,33.43523069782137,75.81090140268549,82.09850069367172
36.655103513579114,5.058845155713618,34.042796051783924,47.38247271150203,64.13447322850138,100.0,27.6732263362879,71.62706378001238,85.40340001005946
37.57303052818005,6.013484714436334,51.97441116968743,38.85784251059192,59.09225724159692,100.0,18.45735148345242,76.10987700389158,89.96691691134906
37.32572942284218,4.975946388999558,45.22421731847917,57.213623479455435,69.3443301565486,100.0,33.1100722947257,82.06461625900504,86.96455530438357
36.00800917748348,4.655093951710721,38.228783940311395,39.944044031236835,66.90919241815982,100.0,22.126524656134798,68.90248918758708,87.6252949585446
34.99036789380721,3.344804827289179,48.63187045539948,41.99499207962852,60.335208301862934,100.0,31.75738957903334,69.30179614600512,94.95970189328837
42.520749903794794,5.083634347121119,58.12952837216521,36.55514266646607,63.674119254454354,100.0,15.507260111944133,73.20256941200144,88.06283074575566
37.66019699546064,4.607037783803746,46.589581804624025,45.86311904700204,61.49142961142383,100.0,26.102158921526847,75.56049005320355,82.14479992653443
36.61466989599989,5.051691129268145,43.21533283621667,50.01251855786589,59.30923400667045,100.0,27.40367269492608,69.75659552806162,80.03115721944212
36.21921183066098,4.928943151336646,43.22932180935146,38.477475835713385,57.35143523313851,100.0,24.144190669663196,71.10596691205,83.71449423994652
37.85673905674174,3.7306162609894447,39.42582534315229,53.72289414474945,66.4027708055974,100.0,28.17420205670922,74.48024483057281,82.97084676647516
38.31224246385323,5.148466967849932,49.20690213062546,39.02679992959524,62.74858009627271,100.0,17.596267527769253,75.15312344227266,92.47356192686362
36.534980296948014,5.465640797166989,47.207571108608136,51.75113563958435,61.49224115172218,100.0,27.20891765021913,71.09282540509452,85.79685690032922
37.48012322604639,6.22756199759837,38.06391909011948,42.91874327782301,58.0838849472237,100.0,27.52046296853607,63.19182979462095,89.54124584900312
32.25418434265205,3.447180690544727,48.575053725686935,43.74163492974024,65.4792297503402,100.0,23.051904772169003,75.18564889881237,92.11700246966778
41.34168562054526,5.4427500799365855,41.30443345817797,49.92233394432128,60.818316236168,100.0,25.628617275201396,82.11195967157266,83.49418565959004
38.80801506556422,5.23918427209677,51.24504720494576,53.454672261343376,65.6688083033228,100.0,17.300053735561885,77.54852925977431,88.44187389852208
37.990070314114185,3.7085246452421914,44.899438540211875,46.01084349438222,56.306218996153085,100.0,23.531113922635463,70.4564807586987,92.11971212146844
35.84173281377479,6.15239795566202,39.497811340385155,40.669004530945415,59.08341416674552,100.0,31.476653049210434,73.96992701368696,90.95622364021591
39.864012831980084,6.335174364302456,43.799667627666395,57.830602621257235,63.29423789155151,100.0,34.35477755984296,72.36426739883314,90.26118873760105
36.16712984645115,3.884716961077207,51.52058470589917,50.09332279442808,64.18235453168403,100.0,22.15284341342803,77.16193144041847,87.11280550679001
35.73771710051161,4.323497435349865,48.38422543877313,51.524758109794334,61.95222837777432,100.0,24.917371771267153,75.28303521460926,84.24910489774025
41.65236651862995,5.286782961188678,45.64145786636315,44.58706920200437,69.09442143095012,100.0,28.750226517592235,80.49360861465426,75.63847513963383
40.161662453748036,5.388228251737443,40.61646264273316,41.75804621235598,61.7688987795642,100.0,28.020163094279678,70.84905024476137,86.58145098815618
37.59939425483846,3.5832904683824776,43.15596157699361,44.928137794619566,60.1106848121567,100.0,35.6911066062004,76.23040793597278,84.72160789734897
31.561715626829915,3.5017421220201568,45.896822661448624,45.91798388874179,65.62503003814003,100.0,25.37361841694072,78.92118426284168,90.60949061881671
35.900111466033785,5.998502930934822,47.47142512780578,47.06804348964612,70.1828733411072,100.0,23.37892918780629,69.84837671841836,85.16727844467509
35.69163788840859,3.981243840930408,55.81611780287517,45.20842640691182,63.704168888597735,100.0,29.765896670720426,74.6440470960907,89.09548395917231
39.44003845344636,5.305190026293015,44.79002819517072,46.055832541337885,65.52333744129123,100.0,23.972743152772022,70.72564922050695,87.50495913980811
38.65139242636194,6.50146115811997,41.86679517098633,51.99102119349424,68.81610110474678,100.0,29.657410046803214,75.85022570058632,88.5998174390682
37.22394863022415,3.9988533745676516,43.03170300723628,63.53301992037876,63.2192693042195,100.0,33.736033802269795,76.47058989034713,89.21993395079785
40.88014064237073,6.8202548929657185,51.03975699599056,50.96052056321751,71.28504433431794,100.0,21.978019826930467,67.31752534648841,86.94107570899547
41.58274719877061,2.7045831335186867,47.61512575194051,48.557825885871836,55.86857276587972,100.0,27.077965680505088,71.34949275950015,87.77015854866119
37.93248657379727,4.80510590201327,46.190638216683105,43.32864083757372,58.942534314950706,100.0,19.955569604428305,76.79554804003303,91.84635005247095
35.783643322436674,4.563424152099094,35.3064641345605,45.74319887625508,52.304872596263785,100.0,27.02841814008297,71.76469937424352,86.95016531416815
40.627372192368604,5.169472381512602,45.41805255420485,49.35779008329385,57.939142712653464,100.0,31.84209900459843,69.09770359192495,82.4805045156665
37.515691037858026,6.316039405030483,41.979008497080954,51.85056282416683,61.361740757384275,100.0,21.62254191459767,68.86247606646047,91.69146845468204
34.218323369546255,2.514509063448342,41.38975032611194,57.40121669435274,56.248126149434626,100.0,25.256738758690247,68.02370467549734,86.98438443062483
36.35668623675922,5.301792800010257,41.48309306139026,38.40919381031937,57.95579661059005,100.0,21.36319298268777,65.56759577553832,81.26759928330154
38.79083575480806,4.256414654970077,48.881813477045235,42.55492731487071,60.56737659859157,100.0,25.121298968540636,70.03807748746924,86.59414160977097
35.47374748517614,5.689885275203554,46.95240591509594,52.04530440798618,69.35987278871544,100.0,32.595141144399435,73.2015427711993,88.84250528865452
34.3483581750034,4.19267687993297,42.97107220536108,45.56535067055662,61.87409760955458,100.0,15.578013284957219,69.74404527504853,81.673250299779
41.1573664039499,5.142708285401832,49.91441325121934,46.581236169191854,67.31182407659303,100.0,27.463510010236416,68.75244514010986,88.21957271495252
36.268323145801396,5.26384828915716,37.67396072631625,50.5362735739261,65.7319641978438,100.0,24.57292916186411,76.05828937842314,87.83794275765754
40.93049294069091,4.844188797630721,51.04889375446297,33.58180915675377,71.15585992953653,100.0,22.672274271025838,68.83311359448804,85.9773046897252
40.56729984094256,5.286076039084092,46.05481425962331,51.47861626922777,64.23002258464601,100.0,23.33201099051166,63.245463251229694,87.1022546755522
33.34238788349166,5.106466535644101,43.97236635723089,43.80169899876487,57.84726372771122,100.0,18.924329325490678,69.75623338193832,81.5952618430691
38.63624933364245,3.9374230084992092,46.03714270782223,55.669042791212966,68.60598906848023,100.0,29.93320068827067,68.52232957743315,96.46181762101
37.611850828611544,6.404530691168012,34.44839528609372,48.223903195034396,59.90852046476458,100.0,32.64652575048014,70.28252143299285,87.07884444223468
42.90602381659128,4.258394103237826,52.10356502672857,53.25413431784391,68.14716569919761,100.0,26.948340293076843,64.21800287793431,88.02116802032886
35.41536954598518,0.7876127450676789,47.31890664344349,45.112129507889044,57.93175281808722,100.0,29.76378871188272,72.22337555558471,89.51780996964168
37.4286457504453,4.941945353286898,39.609913891300934,42.41569954648961,65.93650493258573,100.0,26.79628960862023,72.84377771414802,86.16648893857632
37.18144230880344,5.969351515651268,27.732059783788973,46.917936505171134,68.98428638524062,100.0,27.183502009601508,75.53260340896121,85.27229575332679
37.38083698145538,4.429365185632503,47.70271089709627,48.89903582552748,66.04464284827648,100.0,22.9351238752719,74.32080665056938,94.02250805989844
38.61142415136266,5.565582135269421,49.03603574169453,49.84513702479962,69.99978457417602,100.0,42.15203749222592,77.97676309979713,87.67019665231625
37.28330480849721,4.553396159640851,39.75236462524556,48.22973250800379,69.61750070259923,100.0,35.42078300764249,75.98864227280436,88.00234260404311
38.948176759786996,4.176050168994202,38.64065194678393,48.93105487918397,61.688072217386136,100.0,29.582815370591124,64.99433768736313,86.63335501778232
31.10977107986676,7.292514502939783,38.0164197016263,47.9264240120548,68.00080074263161,100.0,33.23942567349332,69.24187060487347,93.95405282132758
36.77061002400162,7.546634468852936,54.07713046933116,42.67230527696315,68.86814236758273,100.0,30.666265102508884,65.48472722189703,90.66095109195831
32.86098970109344,6.156789602059266,39.47856314223387,44.42630654045323,65.29254619959804,100.0,19.255515785460513,65.95485776005731,86.45491516176418
34.631159575142846,3.326952890935371,46.47627054419175,50.30213820445716,69.70133558143716,100.0,29.740596464112468,70.09913095690756,82.59693752700468
33.4893775024086,4.95583567947753,42.36824460481694,50.04321901626504,63.087795709906835,100.0,25.182620965278613,67.52100619113268,95.36336776428611
34.54640488443086,4.708316772499587,51.6843806328552,56.293720745253054,65.33780298498215,100.0,36.063178736657726,66.96788431913684,87.82571972712631
36.742885963956354,5.5165732078568235,40.731050612300315,46.87732201959197,67.65274732606446,100.0,19.860934986015078,80.45075479718517,91.36622453499295
41.58922951127472,3.6887025126074744,50.884140456307506,50.394082807224585,60.65682800872246,100.0,27.75923471579337,75.92670273728739,90.96732966506909
35.03946564073234,5.850389296413648,53.82182603790069,53.2542096049463,56.88064927636885,100.0,18.78450521299976,74.34016224022076,89.76751040662009
40.35275162612137,4.9452726722218,48.318880536904345,45.496704351758076,62.49310366207153,100.0,20.499593110459973,76.17848262132811,87.7294757339974
39.61035139887297,5.001452881025889,40.970386855117795,44.16112162518301,63.314846211250796,100.0,27.924760782800846,85.40654449779554,83.44637742805014
35.615955536598975,4.872230407457176,46.01258020947223,50.33716776438488,56.08303708124358,100.0,25.445256013819378,75.35242237827542,88.50899934753865
34.15809097677449,5.352532140592717,43.550845285281866,50.249168694240325,66.68402301806299,100.0,32.72943048034131,65.63008765209874,87.19485274848253
34.89545041486372,3.740684373664257,43.44345758690312,44.545133799886386,74.4753931789784,100.0,28.4089368630786,72.27799605707949,88.89084096923641
34.001982080246734,4.149389761404787,53.65546644665983,39.511135564402785,63.8600893143053,100.0,26.3478725571462,69.60447862849229,93.01244237183045
37.362531432578265,5.628212978464656,44.20863209419771,40.30347189411006,61.89106894452839,100.0,25.06847169416916,72.80055581650336,92.93279178652797
32.94637335347971,5.63571975471842,47.157980412079674,49.22889422921127,59.697623722867775,100.0,22.67476222061332,76.93790621165353,91.32636086310255
37.516142714615235,4.795349490726954,35.17480008856751,44.78919610430415,59.911772318394895,100.0,21.160164651637707,69.67905375858471,88.08354818083795
36.40405321840216,5.62048060591103,40.08297006250121,44.040862530146285,64.38079953274014,100.0,28.419494496455496,75.91802159688962,83.7488298631229
37.66011125241765,3.9964963635297988,50.93874330597441,51.6825652682899,60.80422142493212,100.0,19.947868785739974,67.28404088769128,87.81556919810845
45.066159249236925,5.404690168642134,41.500000866139565,46.3331561134012,63.137672946893524,100.0,33.083835938190866,66.6551853362236,83.78014678673263
33.70428097579319,4.369979753335276,37.88876990164576,64.09717358528582,55.66392949522953,100.0,22.845098198307042,65.64647553223115,81.52818808333211
40.143232420323,5.0928969725948185,41.48109330617637,52.854389062472585,66.5981884976887,100.0,23.477213520983724,66.65937579600674,86.16168182384735
33.36064834332015,5.5356498854571266,49.076155870712206,44.11357852471778,68.08428178397897,100.0,12.190494171462596,71.32826901043141,84.47256078100983
43.492981564177015,5.656265905667653,39.56955563300286,46.78795858743059,59.12688255206835,100.0,21.412121744433144,69.82160471940513,88.30155890612072
35.98083582952316,4.471925130184709,40.57799345975234,46.82970692451559,55.40219743846839,100.0,29.155226256646543,69.69309912126829,85.67162441179866
33.74918962873084,5.013760122217349,44.19773868237724,40.25110775963591,52.005831904784344,100.0,31.447459992447378,78.9895723453289,92.49282234070861
35.499226407792996,4.550093517746531,47.95190118077767,49.23693624722261,47.639725461320296,100.0,28.926537799514993,73.91320159091728,91.593975007256
38.54437955823134,6.441483808243342,45.6849846201027,55.829353884310486,69.61783487839043,100.0,21.7127273977644,61.249418183608626,84.74736515834552
35.963307829277845,6.257942132048686,43.32055045095195,44.934922563396874,60.253335286936725,100.0,22.342647943309196,78.88588684880736,84.53106287353091
44.81907289001322,5.7535472328311945,47.56441607715488,46.18165366156499,58.61209411413125,100.0,34.29027035815426,63.28826223639864,99.23144739844007
37.8834758070099,3.203411277581658,57.41639132351983,44.58072752397604,69.04163007591325,100.0,19.947719535863953,69.24320824715454,86.6246859777682
34.72296597830089,3.500529644103273,42.28050536972699,57.542384162324296,62.305699984980436,100.0,24.813493006405242,61.55906354100968,85.02483101872876
36.73268835784623,5.839374887335689,46.91747565592889,52.14238552101774,59.039191215750904,100.0,29.960486259761744,70.29928683127817,92.78678934513158
31.471601760011826,6.624800675918079,42.89058488889026,56.681664898764424,67.77557881977117,100.0,28.953248010231487,75.57937507061696,91.31217605594729
41.64075071410684,5.887760620479727,44.905332213775374,38.4207647645215,71.77286174333885,100.0,29.120017679597467,74.0879975219875,96.66115366375926
32.27730196025187,6.011223558680417,44.9753476021028,41.71036962907009,70.4103046577637,100.0,17.807658705220902,65.94598346347102,93.05046177272018
34.485272550225886,5.758351646419718,47.576692012041704,53.52154609556776,53.74112565710789,100.0,26.048075516054197,68.62683338268928,84.03858696468048
40.83828987231563,5.918771151115413,43.341537938364596,46.646565003025145,73.61158535708961,100.0,28.80770056900709,70.11857867686386,86.49456657771042
36.38673048179079,5.359369700157532,58.32082931506131,49.490697734684325,61.77687088155745,100.0,31.930979293296694,81.77081687230302,85.52655619654554
38.85352733286931,5.111237568082583,45.22578549040475,41.37661843525971,65.5549751896356,100.0,25.57617140306649,61.8325231638146,93.7489117085002
41.607552304762294,5.181391875646869,38.96668430449975,41.302764689654815,60.28585644844774,100.0,26.944653098828255,67.03704158839591,80.24054024956821
39.951174521003765,3.1704451316533664,50.78665961841722,47.73845390536898,60.17264588135209,100.0,27.10588919853394,66.51025361270585,91.37140614819971
38.83423662767849,6.911403500213272,42.75598590346521,50.68490767414023,59.0773898468939,100.0,32.94800793259716,63.298091063402175,88.31760386909639
36.703988132391174,5.3127367146062845,52.86374704834907,42.08235576858292,69.87562043802951,100.0,22.947184314756882,77.01282213756289,91.2069627765
40.23117730118075,4.068354131640262,50.00636489809691,54.5015839145454,58.14219575947298,100.0,18.17036601522728,67.70892534533326,89.10661326440078
40.530538163532796,3.851829651593242,54.09478060053705,41.22597175244232,66.24948126590392,100.0,25.65141102155094,74.3843003628827,87.97101780975595
35.042967144850536,6.583085413296827,40.74403796307412,43.47510929569086,66.78663230968421,100.0,28.035647840002607,72.56773967593989,90.5124274106987
38.57562213333553,5.834679643410772,50.34198316600014,51.35738818071747,75.71552469065682,100.0,33.46031851236492,68.46680658208882,93.98481085266972
45.55451037001173,3.33551266480002,51.41512551290068,42.77712798403572,56.04909789973255,100.0,27.59179989321514,79.308992321438,83.81376141318559
40.2876173256592,6.775471106607292,43.326953972784054,42.49650746057306,66.08623495565287,100.0,29.985420077721965,69.8022219022559,85.28261283897841
36.8542811049547,5.51585499863843,38.706894896501744,39.554020458820986,70.75802061214618,100.0,22.547087833223628,75.11712134239828,88.18518145558531
36.370277172291956,4.348827143817933,45.8522625467018,49.78843680465786,58.88678951059742,100.0,24.637146370748116,78.85905469991901,87.44460894278014
39.05193841553073,6.470368622659715,46.067854689533206,54.401419626524465,61.65076699367774,100.0,18.49462582068692,81.30354735650808,87.1675774021369
36.99952199134013,3.3412257662015836,45.25783997858345,50.19724146363445,61.290718714460034,100.0,28.552148273846658,76.26588660098675,89.34963276112985
41.11976610106674,4.354635217411757,36.08165297891338,43.215494572036974,53.425447228515004,100.0,20.62804657751063,73.03310807157084,83.59751966292704
36.237387458715254,5.680527032449298,44.140584656424856,54.4150008133538,67.13887374540498,100.0,27.583360911294385,76.57236871153212,92.84556725701033
37.80662590756125,4.880253510793099,38.42543176526217,50.420395093289756,59.151217195310565,100.0,21.251389785508984,68.79466703770822,89.5124785572035
34.07721853188272,5.3960056024646095,47.43946641762475,50.57083074581864,63.0359983147381,100.0,34.6918279817749,71.11161193347331,87.17851338949109
37.8430519330258,6.135743333236542,37.65814988494118,52.33588151255223,68.16761559195984,100.0,22.603763915734564,66.69666176861197,86.62890886647027
38.989849496033855,4.277273424046356,44.6271833614878,53.72820348306985,59.3004494102145,100.0,21.379863180268924,62.774043600538434,91.22368501317742
39.42479989066522,6.137097922386425,49.346748148178754,41.283480016549234,64.12971833323245,100.0,30.15632764931937,77.81265148057103,84.55959184723335
32.99876083220988,2.743740733840513,43.633238733032684,46.39221562321608,52.99744408710441,100.0,24.99173391230188,76.20664615301253,85.19399202445416
37.175092871253426,3.1464410913111793,40.557096687828725,46.675591274009484,68.52827882920641,100.0,17.601804534115253,66.38900787325399,88.46227527272583
37.64573242653786,6.728309136753128,38.45486174274605,42.883620383759826,65.9767471901452,100.0,20.05312798010314,68.93119870384757,86.7732231653339
35.12547901340477,4.594739867527104,42.15109727342277,52.542412905419475,66.81288233035136,100.0,18.667703036737066,77.28619252358222,87.3596006428027
34.77523005416688,6.474465727497389,47.55527647106484,41.60890602166896,60.15159985043924,100.0,20.95408784238457,71.33669651088545,87.89710999274297
37.47516604697049,5.798836878152934,51.00990557593057,43.31724309105849,71.84810082875674,100.0,33.32834703043803,78.33082345339754,89.7679273863937
40.18163955659585,3.638688049474548,50.853897964761934,51.4845856104745,61.71893994507893,100.0,30.894886793954417,77.21748032574081,85.37060926083116
37.03528387769436,5.353873065204081,49.16465331130198,44.66922850761469,64.27754738010127,100.0,24.217939324653194,68.01573395469201,86.27254061412236
37.30479109745136,5.490520436136319,49.53952261935907,47.363085747986226,69.97074702828411,100.0,23.293319103755557,70.94429077764474,81.388962677935
36.18529728890558,4.314809475154108,42.7178059961003,54.96378725316565,64.24469221140578,100.0,32.68736968454492,72.7196965582376,87.32765704122922
35.582710722081316,4.428964679800587,44.9233126659684,49.473264326748875,62.54850726456336,100.0,32.575364651707446,57.48416988778029,87.68590537458304
38.58553228512418,6.719398327886737,43.14047251423322,41.23108721779819,59.9248996673103,100.0,29.498364503911983,66.35043246890231,86.07595639669687
37.2804902549857,5.131312798325541,38.788031146045846,54.30622833253051,64.6219322572443,100.0,23.654821675825595,71.711676931227,89.53336072991694
33.83084374527985,5.347227867232635,42.45718240883408,51.71837014929763,66.15524794798284,100.0,26.76550546946698,71.20774198920155,85.93001687849355
34.78536902866298,4.420054884432692,37.00168968966085,47.48219076714155,64.3999589079782,100.0,17.018766260516518,71.29619571473609,87.98248049512259
36.42234651066647,5.359676696331445,46.324474282765074,55.888848054826006,69.48393512529849,100.0,34.119495303644854,64.23378219747062,80.08081939584322
39.96757764443199,6.361681995699488,39.532927907468064,44.71071069679202,61.36970430830664,100.0,31.154424006384232,77.11337467469637,85.45459802302473
33.48061303997265,3.755524214314188,53.55036621645157,43.354188893420655,63.447532730564475,100.0,26.410817507383822,64.43785495775295,85.50542509998708
38.25274418865452,4.290630642046602,43.63430615133193,45.492466757783326,66.34708651185234,100.0,29.73059120936571,71.0913609412002,88.55465617206114
38.84583738327552,4.633492858796534,46.61567831099363,57.7139845605508,59.133238617622396,100.0,30.130325918779086,78.77541626793838,86.87552816413655
36.99465218402421,2.998654957172147,40.12591977832085,53.034682754781514,62.147481056261206,100.0,26.80810722020933,78.11601566703466,82.8095421510252
30.525491887177225,4.615833722126595,62.16662446706623,50.98889168682121,66.78147874669158,100.0,23.719498389833824,73.33932530097547,83.22613012239792
42.26257433139846,5.256809781358399,54.03585416500375,61.851782832610944,62.52022960074966,100.0,30.0539774132177,76.29674283046973,87.82226751007889
39.019180759852695,5.752591854057375,42.51516496478396,45.67679345049251,58.86490679560684,100.0,29.576177274397217,80.13158937058981,86.39081535390106
36.93539219274648,4.9521869887806895,38.74235618325585,44.45286117479112,65.08903038254704,100.0,27.63804006337204,75.60866289387094,91.25574855110216
42.371191050072305,3.400518036981395,52.650580982788306,44.24862791530533,59.02104106433799,100.0,28.370405998071952,78.54917393703012,85.71356613591276
36.82166463906166,5.4047414316841325,48.79541160437631,48.087067571275774,56.60057486035416,100.0,28.017892994253398,67.01076145551849,85.84309115938522
33.20005522325182,3.6193596611921413,42.5406827854559,46.16686111084375,65.67899580351248,100.0,29.132392923238562,69.44916399384702,85.65314678710436
36.852468355731524,4.2826576636475675,53.161185290060054,53.745976543701765,66.96642986069087,100.0,29.841836045123525,72.51274647130931,85.74831037513052
36.28233199731225,4.998960285176725,42.34207215340532,50.99388218474792,67.8649096105486,100.0,32.26423873839284,75.5550353502966,90.03242562360867
33.755513431646456,4.621656990069552,55.50928078076126,55.68255785835919,65.48586190691913,100.0,29.751408442422886,80.92156502315896,94.04029891154822
40.83041187764769,5.600928836318619,51.80608444651547,47.980152754965076,61.582258766068236,100.0,32.55454462751777,82.15220603766228,87.04318050675074
38.75500294741407,6.463408338824587,50.382427274456944,39.09850002678502,68.16207233073041,100.0,25.536502018517485,66.82041043877038,86.9771485146856
36.982068536788795,5.525755716014687,47.108648706136414,46.742398842479574,68.07252714083285,100.0,21.560189533882124,73.09158269180973,89.81567897803491
35.736907385327356,5.9450720704109585,43.87223232445531,51.40476030582244,67.29390446066809,100.0,20.19960189394577,71.968206956024,92.3067479977667
34.92610361345244,5.387424132706894,56.346378535438134,54.35165832004995,56.96224455011267,100.0,27.1091377093421,76.73013749822465,89.94278195902227
36.224269491468526,3.872251210900183,43.9455100161276,51.76527403592123,65.44764559256629,100.0,28.450444140083427,73.8372432818606,87.07668343475511
32.893616165193265,5.7396905663380755,43.53654173316373,43.64057509920765,64.72351377787949,100.0,15.992411651299907,67.2640909365325,87.82076400518167
43.504678690358816,4.89066302723024,54.483299898277075,42.73589748159546,68.07046603224282,100.0,30.54324813445746,66.24028929123975,91.50315314804654
37.28881574920658,4.595654904615462,49.24926036581097,50.32684788197264,61.879803561674294,100.0,19.918844775628674,79.42090900344171,92.7035787634111
35.01311650787172,6.27062324244921,41.06193450872765,50.078751553062595,62.84324688283632,100.0,20.014588487516825,75.35579719477496,82.52482787825382
38.048779319694034,4.348293041862547,40.25692602460675,41.10979139695268,69.23902331939692,100.0,24.573069771130424,70.9623535471887,86.09568502711906
34.57488513358523,2.4470864097919147,42.18281952343944,34.54842833412087,54.19475987460079,100.0,30.837096859225895,81.63307359842868,88.20178789002469
34.31152276911614,3.010567454638579,49.624215136856094,51.0762679608456,55.217635238463885,100.0,31.241196364527955,64.35796410985202,90.67927365359986
38.47082532589012,2.7594850109793194,48.03659098422278,52.526724948513404,58.117259467346756,100.0,29.007145441162702,70.39047014475899,85.70003431170524
28.767492839036954,4.115508376089314,39.83044479971602,52.002148069009266,65.10150961544774,100.0,31.658732588624922,70.32995988556715,93.83007429424761
38.21917860898422,5.821108899976011,37.66933180178784,43.092688753304074,68.56046462663915,100.0,23.2856697975954,75.2929555503947,86.46315642488106
33.00980960366666,5.359377613457194,47.480505091615875,45.68214779211604,64.09116259300387,100.0,31.242566878252966,68.04666463324884,85.04482562772881
41.889334482410085,4.279908504774235,40.47377067265094,59.20738299927737,68.07021849842262,100.0,28.39485453113759,73.6265724856369,95.54596872427692
42.11330015424603,5.73911542715319,54.85850632727723,54.32328741065691,59.00172574504857,100.0,17.46712406723995,78.96054175208445,87.74106111268553
36.09540063230096,4.804713093402778,42.93737445022553,49.901583329705254,68.38446752556395,100.0,25.378094189124884,79.46174105746712,89.70130322794849
33.824410451984306,4.261757592609462,50.38600107017782,55.38666513606618,69.85384311063889,100.0,25.758311088725943,65.67376634942043,84.58417472472597
38.90814971152948,5.852916930926811,46.039493496892675,48.571518792416626,60.63035135876375,100.0,19.36357440765162,67.07453900121149,95.68572960499012
32.953519577643746,4.813546016453126,38.57977965860685,46.44407428959271,64.63825717931724,100.0,32.25064932609107,75.38420546286558,87.88913278368757
31.372427738832933,5.093231521594232,40.895485975577756,50.88871102440563,57.76906512992187,100.0,29.965050425964797,70.85066166438217,90.40490719160627
36.789469302467516,4.628214693444957,32.18245603769043,35.56033723672885,61.60427068479407,100.0,31.4552133634893,66.85865743056647,94.55857884558014
39.08919742731956,6.0107758168085255,51.62708450888416,59.325012048801504,61.74408895181551,100.0,25.430154405844643,63.02746828090174,87.03966419659994
30.873975444321655,4.5588111660833395,42.863279856589116,49.11958215032605,67.97138121466698,100.0,32.8057661389881,72.64914806216623,91.01965669968627
37.34243641838311,5.621757332666356,43.250975572260415,40.34476653915267,52.474528501389614,100.0,25.287417342018763,77.33571630830198,90.30232403747931
36.15600700443433,3.2844014921706535,49.98771738792226,53.460572700141796,70.27802509715261,100.0,19.546502507330754,81.6550230153075,87.0247062181367
37.52036989794393,5.341609441644683,48.320513939880954,51.234866742077266,68.27610810314346,100.0,25.42243834097483,71.67021616330335,91.04048980314272
35.15043617950662,3.9697129619627756,39.81724831109088,55.65490981483126,63.2198133931374,100.0,25.777025670757123,66.74200813144503,85.58025416141396
37.958960472430796,5.512879372631777,46.86628017007816,55.366361101645516,55.2441791350491,100.0,27.30799190651321,78.2104342983511,92.79102860995982
39.82476397522764,5.876581406524427,46.023205601289874,51.112022971939815,65.77200845838918,100.0,32.20662677990739,69.75667649550869,88.1427721187875
36.39530881634724,5.195736506191453,49.91783266546572,48.009364074868344,56.550812507249205,100.0,22.764367461531304,75.99918078402517,82.68988648360728
35.81618059666118,4.994854524386996,42.74064414810243,37.661907867756014,62.179625678748906,100.0,22.823330206045814,71.35067901504549,83.00421535324912
36.37661617444408,5.562559823969723,49.059931955814655,54.953642664817565,68.83054142808162,100.0,21.401077297529767,71.2579222872617,80.5705521220583
40.84173472559628,4.479350451651987,37.94803028912719,37.09580480323823,66.05445868641736,100.0,30.5787872179366,80.39829419853972,88.90917775472116
39.97977363690768,4.093256947034334,44.11053910133866,49.01639553491623,55.796788905141455,100.0,23.723870128368354,75.46369850591614,94.33080115321363
34.92604345469256,4.984554377949817,37.48281237743706,40.333245978858,77.22438454981744,100.0,25.970228544937246,67.64032429891047,83.05066577120516
38.076858378806094,3.707513087762158,49.93969262281384,54.70543450684781,62.60531978840797,100.0,26.221884345935912,66.8202953776139,84.5480399690275
37.550191413759435,4.384222233681788,46.38448528616684,47.234601967881595,67.38925985317583,100.0,27.748172354432523,70.54874317947413,91.98546632767965
44.13187652082482,5.214224639361431,41.795395128730945,50.28723739630593,68.13168595087852,100.0,26.537194795691082,74.03770864291405,85.54176331177385
36.309649361715614,7.053780132272137,42.19034589234367,46.457053559286756,73.89671346228928,100.0,29.24526897881602,67.74568831105321,89.3267851831313
34.844965085548694,4.10513243744562,48.03121483881955,47.19814852969888,66.8458243585516,100.0,34.05251920602726,74.94345749819622,93.40147984340706
39.371292573004,7.121700003476905,46.7872011242129,45.82894781904399,63.984026753362514,100.0,20.14119018093065,72.03166567020338,82.74130331043114
37.97623564500409,4.773159361147344,55.74634174097682,44.41778112977935,61.362824816379565,100.0,23.615123502880692,71.49648597027704,84.5618187342895
35.04127038156844,5.193467537352512,46.76908850160515,54.51040232382073,56.43220698594118,100.0,22.948308441352932,73.74449520260642,83.38076963329581
37.577218118584334,3.087230221204238,49.423764553977584,52.067754816766836,66.84985794323573,100.0,28.511932360959918,72.12009716966226,88.20921113667553
35.44694628174325,4.526174461396953,32.66612146665084,48.348891898296706,63.54159441737141,100.0,19.47719247240088,71.32987630121,90.83705266751153
35.764978417573,3.7069670681993014,37.87776716700838,33.95787325065642,62.83941929351618,100.0,32.957328857444644,65.99415367049585,89.15775322115378
35.307544921556534,5.391893232936617,44.08930368421038,53.18862084011666,68.00174990647936,100.0,29.303196400873944,75.63565729076068,90.43890246310924
40.70410606178203,4.772487182716713,39.11047131153492,37.680686816876246,69.71066691815689,100.0,23.284246205447623,75.42520691852613,89.80116064985899
35.35196947668976,4.254497072581682,48.47867340878332,54.07720392327245,64.21481001271188,100.0,19.293183396805865,71.96463234452578,86.63186225943757
39.420760567803605,2.690334161683608,44.72350050427084,46.27475197038872,61.46115301296746,100.0,30.390176504510713,70.13683141800959,87.68796016459939
39.362107131685256,3.9393664685314294,45.29387474612573,49.33967245855318,58.06391717351171,100.0,25.671536169704726,70.66469632713554,88.84142047415004
39.30570679935659,4.967326092411751,52.12510498934334,47.65195349251884,67.75094300006042,100.0,29.424351136577336,74.99383210918468,81.71342905411589
37.33797464234309,4.55361977029411,50.2845045206509,46.08006636902475,62.51535514332658,100.0,21.790276936956694,70.7035289966504,88.39997352456781
37.407045316188,5.988495601419176,46.34160531631321,45.39313095579285,64.60857137381905,100.0,27.71682564112227,72.95299343767715,88.86804936341103
32.054808601182316,6.743752802864485,36.42036772934801,46.0129281285005,71.72302441361185,100.0,23.931338665825738,81.94704481896903,84.97884111017365
35.33593686873327,7.389734806798254,58.866506879071466,53.46045284862897,68.69880784568024,100.0,32.30057356922393,73.30315510680656,82.02775242996948
31.314808450940205,5.6302850250016565,55.628945565625656,40.67790757566523,59.090611429930306,100.0,18.078909659410684,77.55851168207616,83.59290611947644
37.0263614358606,5.271330849536039,47.140089085029906,42.46897674718518,69.9932484932738,100.0,29.1287513675733,71.99459670486439,87.60088400634628
33.36223565604407,4.844006689211371,42.35575229086098,61.49576390500622,57.34807313736917,100.0,27.025263660040533,72.13343313025304,89.62100832810935
36.30300692556392,4.027510531660821,40.48410192953822,52.944272751893486,62.942530250544735,100.0,24.765238482203245,74.30318709420101,88.06136096140277
35.103023368977894,6.021864516745701,52.62002191229102,48.80982552423191,72.88001029033148,100.0,31.289983189128314,59.83107625391483,90.19823090515965
36.105796142191686,6.216614050800166,42.56298517037221,37.68578906233963,59.20352213315056,100.0,18.829662780580293,69.1550853310843,88.85028154893298
37.44944489340498,2.8200590055392545,46.06605070819567,45.45109770517864,65.6252997440453,100.0,18.81886228785332,73.39638242556802,92.05403541949896
38.56233690691661,6.404154983115109,51.809909363541706,51.007142933048286,68.6118774098969,100.0,21.28307488075181,74.27423291964374,87.99071999689878
37.8689281878971,4.665763147370835,44.87625963119515,54.13496209968915,55.28290886138322,100.0,20.27732647757432,83.30246543905938,90.13887446768203
37.978301840931195,5.305188660277211,41.018295720613224,49.09635266576909,64.99653555013467,100.0,25.468772584044103,81.48773409788048,89.55714478246897
36.93240811126672,6.951474823545866,47.028565825531,44.64432317664256,64.04102249413175,100.0,29.861650432389403,62.49720970108503,88.24270686207727
35.365167518173486,4.409082069123227,39.44261237774134,38.05607231291488,64.13312981335108,100.0,20.7641660669419,66.0419383015417,85.37356422162863
35.58453997528852,3.153372070316631,42.349783751900844,39.94665611056329,56.21416483111517,100.0,22.5276072023337,69.77364117707899,86.24861970545757
37.46468790309249,2.1720250066607214,44.294702375302315,37.67827089430653,64.38107580731426,100.0,22.504845456053967,76.7342197899549,84.09492427661411
34.248702158393954,3.1574084238459594,52.27515437070122,52.482292435196435,57.26167239778081,100.0,24.454006092461242,71.23038918959202,85.16718126053689
35.16961319337739,6.09398846564874,37.45294287779005,47.418413801002664,62.390971718702026,100.0,24.79436811684731,64.29629060865419,89.8115583624276
36.72800893102878,4.837423850364941,41.16378053396682,50.013992956252295,64.97981279248687,100.0,28.7447420960115,65.1257027512314,88.80909785137497
28.723914032963343,4.626170523820301,33.90338882476451,43.57475145768848,62.211319010410755,100.0,27.77866885425171,74.56178292717016,82.24877508123951
45.160816552244256,4.450332812065128,38.07713189501915,43.40726307388378,63.728076342674086,100.0,26.995271389215247,74.99561662584351,84.54461000680908
41.39276966832779,3.5401371524286205,47.92926758928653,49.38046423255812,69.22367406828614,100.0,33.63358445206006,66.26702155777107,89.01421904756579
41.82500572567993,3.060223602271652,52.40335270082742,38.23596281293345,60.48872763608689,100.0,16.73017525724058,75.46513633905266,86.4494954768124
38.95709128594813,4.181038447091469,61.13928082448301,43.11281943746506,62.3399059503869,100.0,21.588551258006344,74.96990108859931,88.49731333714698
41.773498778748305,3.8179766117647227,52.11239919843419,46.72190631434675,59.67245052450567,100.0,25.645302341501385,78.68042047609605,87.1445423366954
38.236926736105396,5.695702628849496,49.548197057010306,44.9452788042698,69.13758689139523,100.0,23.97392134380516,77.93244530730257,84.25473681891535
34.85726630436662,4.688257660267817,41.29060786005452,52.9992363087605,62.624877501948156,100.0,26.332469545252835,87.29114613277046,87.6279292156738
43.08260115496928,3.4459166476515044,55.52208859643159,38.06789389081104,60.81609611567287,100.0,31.018587196195508,64.18970651393272,84.22055085035862
35.342969073926035,2.144766278264574,51.052515893646394,39.139022394093985,69.47011519351618,100.0,30.49723869970414,67.0175080763721,89.02487269606286
38.98583822247902,4.26699889991168,53.284334123882864,53.08958768758281,55.755896011040086,100.0,22.347344190809775,68.44106482380428,89.54392946296805
33.69828080293084,3.6446534578880465,42.81649471630702,51.29505702767758,69.62322061241689,100.0,31.055704553470658,73.88536355578454,87.62954762174157
37.083905716683105,5.699439018634073,34.31624218080236,47.760880685897945,69.29207933684044,100.0,32.04972069753986,77.32681054123334,86.16869000638145
35.93178926996258,4.9716272984894525,47.68257611202315,42.31291762231014,65.51210175670461,100.0,29.562305394609083,66.37514050867206,84.18636827291982
39.38185163890374,4.219825654636784,38.4351114258727,50.13833914643152,62.839294164537336,100.0,33.93420053320814,65.60490742300397,89.25150967923553
38.60220321944819,3.7095745341033437,43.17633428600976,41.056138477730194,62.83925928184223,100.0,36.142042761457695,71.81920345180947,88.3602574389357
39.05965834782948,4.920158948967492,45.65493959676214,49.96314056935803,61.17752539761947,100.0,28.386185215493065,69.54840984501635,86.37909124354336
35.14664319470171,7.078866354754638,43.15428420262812,51.746948309189435,64.79820608539352,100.0,25.2699896030823,72.01303223428964,85.53111658764256
33.828471233174305,3.4535921796301494,36.212974496547915,47.962091217413985,64.39922989971966,100.0,23.97382528934462,74.330709135139,90.0396642595011
40.77091433162186,4.851255926596113,53.4295542588333,44.76726918122828,69.55380506802294,100.0,31.07577417933509,81.08268088496642,86.5153496777847
39.38517084993326,5.267566635198928,41.511406878321694,46.92019405974225,55.50686739665225,100.0,32.58366118087115,70.45434664608729,84.62243209145838
38.22038384591374,4.127522862561094,44.3122104859746,39.62277322965871,60.98983626892478,100.0,29.082708024537983,73.93162518640362,93.56894566512797
34.23922006838586,5.601942532825138,44.92347743778755,38.27533748614648,65.69965636321689,100.0,15.004018270367723,74.27227257533362,87.7718504823493
37.57164359007694,4.689114239153652,29.979510294708664,53.343389907878745,60.78089869747294,100.0,27.990630396309328,74.13011116093509,87.59602337072205
35.88861955475856,4.917747012840222,49.32745291026011,47.32239381411173,59.47459879555963,100.0,22.53075481453699,64.7889756026634,87.51837759769482
38.00550162803365,5.8793268548275925,36.388593353343,40.91135766831202,59.29918737634897,100.0,32.82986698433103,76.24323389285429,94.05373991330063
36.05820450882309,4.481269717334302,56.155995069439534,41.710794710253246,61.08924415377097,100.0,24.143678364612533,69.56343693422814,88.43161889090878
39.40148551861701,5.829052548426395,48.76172055084511,52.199750830851485,66.29923668217599,100.0,30.57399179287421,73.10700799399461,86.8768761159657
38.78228485094165,4.892016864513493,46.33276460536823,56.03404663446619,57.313965243948694,100.0,22.732413323524447,66.44723426518577,81.68213042085556
38.93545749742751,5.443413812644687,51.30106389261717,48.40430390876942,57.99302333276345,100.0,29.49541205256671,72.6509482639195,84.0261024951263
38.86656815070553,4.579693703499145,37.46063547507302,61.309663688833986,60.841371722972724,100.0,31.594008441299433,72.25082309338558,87.9625154628157
32.93614117405976,5.544306608361334,45.188801519397714,46.628567290336534,64.11367065618633,100.0,25.980806834710723,70.23094500625102,93.31547425331235
34.218885293372104,4.718789872680709,47.0734218102424,53.172897048996774,64.68802095602507,100.0,24.98549802078083,78.50599089988859,86.46946260415173
39.71234793994738,4.407287652818637,38.44823589319572,39.47218087527405,60.792274170944864,100.0,29.427330949025052,72.74513822661493,88.4653668928501
36.87374755343377,5.225626557423473,46.41651132218915,51.12672240669413,67.02966430636711,100.0,28.026541765321173,66.88112122416261,83.30164632361051
37.972554287018916,4.999338045581083,50.13545232253733,42.649413714774795,67.30626675318572,100.0,27.249485242843402,68.81353475626521,89.821097237336
36.991576801814986,6.435740794094003,38.712324573210054,41.756364173632704,54.20863165897051,100.0,29.641581172176984,78.6356980446698,84.09937984643011
37.76110394387458,4.719030166208782,40.79140307132827,53.499666844136804,65.48519221911147,100.0,31.149218801237463,69.41168676731715,77.67638752935066
38.85108130228645,5.6337702766547135,36.990065205149854,49.11434462257428,56.41912613132263,100.0,27.728028426668207,68.94899129462055,83.33983261043781
39.24052337244131,5.576830500786955,39.26046209015957,38.153984826545994,57.42252113197497,100.0,28.718325829074153,66.48044733145026,88.06961420523746
38.00227094793608,5.559018016234954,51.70404223424599,47.33362556204287,63.193579848342836,100.0,30.376915030664335,68.5402483352224,86.87429360407569
34.38742645627049,6.563375588883494,48.098221645397935,49.53840501248671,60.77636301758667,100.0,25.791023354827768,67.97000840002013,85.47052350158243
40.08554499232652,4.244189400340603,49.08553603774912,51.601253179949424,66.78416765587443,100.0,26.563276684767093,69.18031198389772,88.25371503683016
43.021208337416965,3.019469289443549,41.95718649356305,36.8197452637835,64.21114215287136,100.0,34.75940534633361,68.75293020105113,91.04264722875725
39.74275583824297,5.365077701417751,37.86447323047487,46.80471820372247,58.013967405298885,100.0,31.23442546440753,69.81210489251536,87.09170487949994
35.55618964603887,5.3531988812334035,49.110302412603865,38.74345611698111,58.01966604232419,100.0,28.036892118784376,76.19039135299103,86.03228012680003
39.133449748982684,5.0520739996213395,47.68200922449324,46.01729008652199,61.05343485730175,100.0,22.8513367904474,72.02964443507612,92.30677213313581
34.23113225858774,2.8054956636329704,43.0051227431413,44.29860003193723,62.43545771793954,100.0,20.477450303076658,66.04980380142034,92.26511547368042
36.71451360354354,5.699570163379604,24.595457792648947,45.991048775860634,63.81499594538027,100.0,14.888155836456312,67.44487837204926,95.42926896283777
36.78665743090517,6.454250797000384,47.52725481633288,48.29589183352401,59.59782809071183,100.0,22.122279478943593,72.97484179432385,85.40304036064131
36.848138790332946,5.66127112188268,39.07207333853548,48.619687256405676,61.638331278380974,100.0,30.229071664914674,71.51284735870225,88.38727745581154
38.33822863310152,3.3964645424091318,44.04447946891879,57.15603828551762,53.452510868580774,100.0,29.747746710821225,78.79888737368181,86.46218264355743
40.205825311304004,6.659304292910708,46.35583610317266,45.306118738312875,62.859280825674645,100.0,21.687311128103815,78.0313400382503,94.05114221527
38.2653072676276,3.478363466975318,35.30473851316938,46.09016988273241,62.80586764746019,100.0,23.192890111055164,77.09852942250028,85.48865444862024
37.670522740635,5.553580416829853,52.8655889308049,48.515929886885615,64.9871945932136,100.0,19.11360786483091,76.63983970639292,89.67871767472639
32.87658976453574,5.598316501582265,34.54585199809784,42.80942440233612,65.63736315081738,100.0,31.899178468669884,73.0435882617293,89.04289036768613
39.01836136050556,2.877960482007783,37.00594731417329,54.2372988645796,60.09641414161117,100.0,33.627173802836445,68.31344004255884,84.43565885577868
39.60693514729579,3.871004922453286,43.8774599395051,46.706606845290445,63.23098669885462,100.0,29.781681560168014,64.55183446051866,89.62762375172774
36.82302996329349,5.3206687539306055,46.13917938732989,43.55736372994674,67.36476305451404,100.0,23.81420412254684,69.38875599100297,89.9896993189005
48.34077562526909,4.726547800138816,41.89624186987143,42.90465581007457,68.32115564726105,100.0,14.422606859783105,68.76312484212852,88.1223016294838
43.835714357360295,5.557892176813329,42.70765888360456,49.73523519490284,63.637153049583034,100.0,14.421599965436691,77.5005734214698,85.02964355697523
37.076558586572474,5.287649768019504,53.56432595977352,43.55853947679329,61.045003776221634,100.0,21.784333081346407,80.66601919651283,90.9100195074128
31.820619464578385,5.466527187752433,47.27626239766587,44.571952291831835,55.07264865364644,100.0,27.759640983384813,73.78870469292455,83.90701722465329
32.31797159031229,4.832572021648604,41.53874730646727,47.91390893420901,63.06736879549438,100.0,26.006973408103732,69.8722365880521,90.31240354686139
33.89882614498631,4.623068261293693,45.75673285347321,50.08322881553882,61.77250487201612,100.0,29.22298389977082,69.91094731720644,92.18860232270879
34.86459120253835,4.986516042574223,52.28371382431899,53.33145006533227,58.6633511690498,100.0,15.238555033697303,72.90875261287472,89.07234900892412
35.7613053080948,5.081500734020906,53.649058999226774,46.84559883836351,54.34787602797953,100.0,34.7420972037372,72.140735897177,84.09922681156922
32.80277654326563,4.269861155988953,52.688605470140175,47.61575752157949,63.442745532723,100.0,25.191882423429053,77.56101797680037,92.54777496276387
34.47550157168447,4.760170439715611,40.10936515220472,56.81629124445616,67.02508768015021,100.0,31.775809613653433,71.52738140459978,89.54059258822681
37.15097175107031,4.73764313398436,47.02726479660568,49.13955048459865,66.90711300102645,100.0,24.85915291095314,73.87648090647686,86.67821385190715
39.3324321359418,6.219298231239807,48.48212625963734,47.254813928175906,66.85373006526825,100.0,29.300734110379384,71.90214444065586,83.36084688607446
36.01448495970547,5.1374706058409885,50.9995099442626,33.97148498517133,62.998981719535045,100.0,24.144497624821135,65.22308742722383,93.24521045021582
35.3381448262149,5.2127260502223365,54.002801424054326,51.552323062517445,64.61805280460786,100.0,28.340401757277956,73.17126307042699,91.33308413583082
35.72146559160817,4.905672134947749,57.02492046551616,50.51543046961981,56.8639758370569,100.0,27.412241596875305,71.3208824256519,91.3256978315633
39.15790100726448,5.146194838576294,41.99325476563942,38.79938548523826,66.33844502208811,100.0,23.76592136826803,67.25475522148902,88.00950194708795
32.53551864114521,3.48538500990065,52.04135243409049,47.628949011691375,71.56096262890865,100.0,29.063319923858888,69.48228180554283,89.13506526958817
38.43042156205415,5.491934132948404,59.680465789923254,44.81855699636944,70.22885262369627,100.0,25.174401534904828,69.16297604073571,88.73146561815231
34.71815812954257,5.041029321729106,46.89114576961306,50.70552518109199,70.90823482433586,100.0,21.9575654353782,79.59548367067173,92.06846586122566
33.66975189654443,4.689204947140092,48.07749969524201,46.96355522679929,61.783827428387006,100.0,22.56071123328832,65.75351704412545,91.19751065361551
35.08511779442464,6.057660575214562,52.89484527884788,50.962309811979324,59.137555273263146,100.0,25.354371702694483,68.3057157833497,90.26458726441332
37.299533525099584,4.227575395998997,52.4830281023239,48.86527726592296,64.7027511935643,100.0,27.232289293917166,80.02723702679987,85.32286822567785
37.4031816811064,5.407449450125588,47.51583372445089,47.869740809171596,62.85614703328219,100.0,24.842812820277494,65.44472735360564,89.34873162451235
32.824875687961665,5.123734156510703,47.6647063104737,55.33380439373845,63.836191195218646,100.0,29.46195872407783,73.87331563791503,90.89521842768411
35.58702340083537,6.518265262284519,41.28745111025621,51.75144848759612,58.30296416425284,100.0,27.382844304507316,67.54077343648062,84.11404966957706
31.661341869784458,5.7850234241188545,52.48369775076601,46.52091042699334,63.676903164184424,100.0,23.97295919957387,71.77268415448785,89.892255812239
31.730109228119574,5.696070097515496,45.40273999265292,41.37896203433685,69.69300549503515,100.0,33.10475886267972,76.94078489387599,88.23413673571513
39.817505306158615,3.3694245048188316,42.268728182979665,48.998331044514174,61.60244120291252,100.0,29.224709213439063,64.34658262223728,87.26083751951589
38.56084071446429,5.00478505594122,48.65115521741403,49.296763347047836,65.3860953406037,100.0,25.254071317561134,67.29487394351129,82.85293519306431
39.07541799430044,7.137185400492909,51.28761701919488,45.49817143343188,71.33319077718889,100.0,28.44137431572477,69.75798983920208,82.88084433399402
38.461289858753666,5.996019414699862,48.28719419696426,56.99928954174985,68.16808496496733,100.0,23.72114597916898,73.6983769073166,86.86352103617487
31.00604575824756,4.676261493370643,44.31823119217171,57.77283108878162,58.95968620845192,100.0,18.500028032301266,66.69419582488209,89.711338375099
41.29812858909316,6.183369149159185,47.39252189639385,47.236177673779814,59.227064805886144,100.0,23.818792864167058,73.35914224000135,91.07235019374988
39.910861142064235,2.636383508439637,45.10427106052825,47.66701896621342,70.60269246451753,100.0,27.95179989747317,86.02839684777392,86.54268203451025
35.437087529331556,4.765251396512604,50.984454767900026,40.233665476415545,63.14497365035456,100.0,30.24515454922318,79.42744591145667,93.37937814491963
36.39216854825768,4.096592840295886,57.652895067128405,49.170109831251395,64.90883042415612,100.0,26.077882635013257,69.76975933797512,82.64896903955166
31.886977208530364,4.693825118787269,41.46119535119573,54.03752918778028,73.36957289243237,100.0,22.78331053537519,74.96375490077139,86.26208168245041
39.01668958683411,4.309759139332806,40.24916687251914,55.500669950833455,63.9564453385254,100.0,24.09131521510558,73.79082226898755,84.9256764347085
35.41709034031115,5.171234597728715,54.01116443468836,42.918983856037734,68.95374923351255,100.0,33.50632428558456,78.30394667353093,88.26089655804476
36.695189985472986,3.312879925355281,50.85960137763813,62.05853928270956,57.10469863666952,100.0,26.13188000962051,71.3002458784744,88.6169077471301
39.59974732314396,5.36494847057528,45.900568290741525,35.506336001878104,66.33250372638835,100.0,28.519872874901193,72.27964993373675,88.68968641042423
37.46711743105421,5.621302473310858,40.65672775054428,49.866062460840936,59.09216692984169,100.0,27.375370248806302,75.92189350045214,89.39375046176337
36.69542470508259,4.114728224002092,56.30261894849222,44.50003211384397,66.93067388529587,100.0,22.875403560778388,64.40807991508052,92.97578124417508
35.26581023957871,4.535602238293709,50.688801301501755,51.280330656507225,57.29918674693374,100.0,21.088602286233986,79.25556307557176,84.88609760535606
36.36786261445194,5.138383939779948,50.58642938840474,42.474148536173296,65.3498170173683,100.0,30.27745042488438,68.36249132024352,85.98061375296014
39.2136394823853,6.062755040812579,50.61914825103693,46.09181342496003,69.96011290099162,100.0,39.70381528881837,73.72908560842484,87.71743463773106
37.77979431120223,4.935406378101804,45.90396960089921,47.43625241865753,62.436096306091876,100.0,22.036737935948832,69.6519370778597,87.27302672639837
35.25060109215117,3.7162370690677733,39.850509266281236,55.02978484635537,58.08225966406397,100.0,34.199966519435335,75.26510665878364,82.5951818765162
35.87089243508579,6.3086306555042135,45.45474738238009,49.62297421023012,69.59264241568124,100.0,19.465140950795405,76.65380255786424,82.78972462777577
38.43570202007666,6.478589366828726,56.22141935099012,52.1725502486253,63.976357255793154,100.0,24.401529472731617,73.24316918822836,92.61067413998937
37.07263019108637,4.367086704537477,51.72551385857679,49.33331737863514,65.20392155182473,100.0,28.22429690657896,74.50825713193997,86.84190574897941
34.738189562121626,4.2745351932803946,51.2680542553949,53.20447155972766,59.898314415780476,100.0,33.352587346449795,66.61749119012312,86.94505215274131
33.4400770273099,5.424116642595478,53.894932229021606,41.60889491921721,69.69743705652776,100.0,31.018404258691266,74.80200083412474,85.68854609200841
38.8500969172721,2.806301054250034,50.11949461171868,47.33280742790163,67.33619279429705,100.0,31.91090586439295,76.56858983756185,90.43039057095551
32.96131931497362,5.356680246977741,48.31998060278018,51.93403016785043,66.72739556708835,100.0,28.98604974256593,82.96277011679031,84.47494451023064
39.04645401933419,4.067560637754409,48.72552702578839,53.055000488546256,58.84648506580201,100.0,30.483300712306562,74.62240615232632,84.25003872786574
36.44252792451667,3.9505140417448557,45.36375183402354,58.27080688808435,67.00602085029207,100.0,22.63464974723394,77.79543873337293,83.65957685987502
36.840159881901265,5.18567588812147,46.8488484773523,43.780592104832884,64.45436242310039,100.0,33.508964220713864,75.81962993223577,88.03773036710591
38.93226850276639,5.5500338591007035,50.110941810865754,49.974627009211446,57.75077955930909,100.0,34.66706726573774,63.05130762474034,87.79044348493339
37.776177794175624,6.399234801564855,51.20054641992163,44.082802497395946,55.09242961712843,100.0,20.679509449876555,81.21203909930033,88.69335351521458
38.9200471098208,6.419849065897498,50.98910300836228,56.202895494921265,64.5331977135206,100.0,30.11957630686179,68.76348714816584,81.07467666677739
37.54322818856433,4.132790648025256,50.34508563438295,48.13575236635346,52.67122462321434,100.0,22.068983319772467,74.56457884040067,91.0807709438356
41.55578703424948,5.083888046860494,34.004787693426934,46.65339715169027,71.12137605910793,100.0,32.56607562059813,71.73753652000389,88.32112295856368
32.389795707028036,6.382313520058992,44.62993798708637,52.88519546975035,65.24235582873476,100.0,32.42284890603562,70.81788533811994,93.98506787185443
33.62924857946498,5.333271469176898,43.01081444670518,50.901278794915875,58.664258262995666,100.0,30.19557645050681,70.95482646832892,86.92207919944828
35.06438097966652,3.5865189006770475,42.36716037767727,51.953467891043665,65.99159240721151,100.0,24.951606062569063,70.34548980643622,85.5427619605573
42.61223483140751,6.362681799251636,41.64581941720787,51.20968276907887,64.48225564544879,100.0,25.057711356221606,75.03380445857292,89.80886841681428
39.100779120681665,4.282544483543558,52.09971356089724,41.629538992039166,65.1075990568627,100.0,26.700010892233795,63.612894124760444,87.24723774840282
37.70022127511276,5.447155763489169,39.57115124168804,45.387756237898735,64.23288331093235,100.0,32.39701867105668,76.64377369990801,85.89168400280546
39.337513460368896,4.783227168453064,60.18798230706325,41.78671707415552,61.26739684875042,100.0,28.6539572048112,84.03270036343055,87.75709685181504
33.77296745579944,6.284152297957384,43.033063499608446,45.429349448240615,61.1369361853427,100.0,20.527303603633175,74.7223384949792,86.07765878105153
41.41272588675072,4.63429094097737,41.72326164498065,49.54072386078274,59.80189372022562,100.0,28.976439060500088,79.26446854186335,82.33818122080929
38.29835170385215,4.104723752552175,37.76449760154589,56.794797374438076,71.73752695384931,100.0,29.293795260447354,70.54195164879691,86.8529586761125
34.8075796513359,6.37056091174305,50.05012598714769,50.36579887024675,64.58507846156722,100.0,27.412094819406725,73.5297035524859,91.32540159414057
35.78184123911254,6.383558529802825,49.39768063697037,53.454955363309836,70.0865422120189,100.0,34.57702309135012,69.89225312343223,91.95072238808734
31.754647558688127,6.833397253362624,39.02723366127866,41.51275637642447,66.78477520262973,100.0,29.52918998932588,73.6441180323605,90.01744916745038
36.5535321629694,6.029353638339305,35.46745459780921,52.71146626764577,66.5391868846945,100.0,25.47310475199306,72.54609546451394,91.42839112559875
