HSPB1_HUMAN,ENOA_HUMAN,NPM_HUMAN,HS90A_HUMAN,HS90B_HUMAN,ANXA5_HUMAN,H14_HUMAN,CH60_HUMAN,KPYM_HUMAN,ENPL_HUMAN,PGAM1_HUMAN,NUCL_HUMAN,RL13_HUMAN,CALR_HUMAN,S10AB_HUMAN,RBMX_HUMAN,LPPRC_HUMAN,RL28_HUMAN,HNRPM_HUMAN,RS23_HUMAN,TYB10_HUMAN,RS4X_HUMAN,H4_HUMAN,RL23_HUMAN,HNRPU_HUMAN,PSME1_HUMAN,EF1A1_HUMAN,PARK7_HUMAN,BioReplicate
,10.4135566697645,10.9094922286201,10.2575211377358,,,11.0818090762728,,8.97754701604465,,10.8705867586005,,11.4073549094793,9.76789128497563,,,,,,11.2150998761447,13.1896187396064,,,10.6340814895719,,,,9.99158434378872,0
10.061446141311,11.2443883004003,11.1018772476824,,,9.65520762142476,11.9280393565993,,9.2362777963841,9.6364088032649,10.831032899975,11.4670730282343,,9.56680918091812,9.62335820837829,9.8960649127986,8.73363933029995,,,10.7755883928723,13.035585776805,,,,10.6081559698774,9.7164168445582,9.11224812271277,10.4010619773838,0
,,8.86009588640684,9.90827189818233,,9.95608023706616,,8.27420599886461,7.97278252968609,,,,8.20221173190767,7.65128709420502,,,,,,11.6549764099112,11.7272412437175,,,,8.95588306983994,8.63023187421712,7.97255311415194,,0
,9.8653277188773,,9.5903124292878,,7.86791108773159,11.1388250842301,9.94054621645181,,9.10226248426896,,,10.8556263404444,9.32991151375608,,10.1323393624325,,11.0269314938183,9.77169324120331,11.1389345934836,13.3864570873816,,,10.2402718533032,9.98946975596697,,10.1276628983242,,0
10.0305452961461,,10.6125515398369,9.47882307728432,,,10.8429065981494,9.4881453261078,9.39934426148049,9.4668254160197,,,,,9.64781935982794,,8.627568766369,,,11.0372114979404,12.8902508285352,10.3049509042422,,10.7073482778946,,9.18235994647021,,,0
10.0652260448781,11.3261187286657,11.8765090548162,,11.3724165109025,,11.6487281645942,10.7692218453357,10.1062299971006,10.5290522525594,,11.4823885185631,11.679144226084,,,,10.18465018757,11.9009233888111,10.5990211086473,12.2852555330839,13.6918480792925,10.5195727857511,11.5602060583154,12.313921235351,10.6888779094288,,10.922444402572,10.2471512858586,0
10.1094915891403,,,,11.9375429518759,8.87191359544909,,,10.7290599745898,,12.4761870553887,11.3775431385273,10.8005635630539,,,10.7743221142958,,11.6521557679147,,11.6419915718238,13.9698582625515,11.1850215488581,12.2085243768875,,10.5491665637862,,,10.4107103578412,0
,11.7261366060513,12.3031494585594,11.0707612300715,,11.1752016443831,12.2664390082138,11.2619642182337,,10.8112105492107,,,12.2067134148466,10.4003508847977,11.3995137815693,,10.0877322794235,12.1887941087985,,12.0927054411853,14.2646003338425,11.4698994683329,12.8159078567038,12.0503244848888,,,11.2396703936391,,0
,11.1895140160895,11.2497660382465,,10.7976339654958,10.4216549505408,,,10.0773639025156,10.5340086780035,,,11.1071389002063,10.5901406668985,10.5994847116311,10.5315203388611,9.92526279020162,11.7447696285998,10.6507235626402,,13.3287808566878,,11.7327538621463,11.6460251563776,10.9244355061944,,,9.61456418040934,0
12.7045065916252,11.9640121524875,,11.7984400543525,11.7074880296132,14.7319796164171,14.1175255615448,,,,14.2656191614098,11.9558466090295,,12.1056875373302,13.7716013191383,13.9749337027837,,,13.1555340222778,14.0478365115146,16.2366849856807,12.4267340903542,13.7263790874456,13.5638594552632,,12.8601079184637,11.9798352166536,12.3993132482694,0
,,,,,,11.6551691030047,,,9.0923521856618,10.5891759480397,10.9791436218567,11.3752600499116,,9.85139297091388,,9.13227547035429,11.0505825292415,,10.9724485612728,13.7183051149987,,11.8074086485554,10.6637454158797,,10.0558565700826,,9.93716882113741,0
,,,,11.6712315299037,,12.2142735132257,11.6625258460553,10.5994337805459,11.1258884525426,11.4642701548828,12.0245734261525,11.8005709675602,11.0013748953379,11.6374927452896,,,,11.0814924909798,11.6142112814989,14.443942086441,,,,,,,10.7734276958459,0
,10.4083012263088,,,10.2113458011217,,11.0186445936312,9.59401499762237,8.96982515880107,,10.0840619791293,,10.4497868993996,,,9.76548297223724,,,9.95802560198837,9.88461993507753,,9.68331167135046,,10.633473612466,9.93926196530321,,,9.57698001191754,0
8.90106224225671,8.46804495944502,8.53416623534441,8.49293410320346,,8.39444110496815,,7.89243980203235,,,,,,,9.11563672255219,,,,,,,,,9.54222340200258,6.97348098179122,,,,0
10.2469933072338,11.2116932107116,,10.5488230641966,,10.1533978495677,,10.4033532574345,9.28286204509239,9.48282838534336,,11.6008432704135,10.9924902644129,,10.1728377151673,,,11.6584554627248,10.4315471097729,,13.8246209883313,10.8425645867343,,,,10.1423181644813,,10.3911351617115,0
10.3880933252471,11.405280558855,11.1472014572966,11.1332368839408,,10.0727876339394,11.7875438254994,,10.6689841637339,10.3717017872523,12.2825469082066,11.2455740029532,11.4901398143682,,10.4489662444397,,10.3621865312855,11.9330797827088,10.8968442819524,12.5095053830324,14.0458864046335,10.9374228429414,11.6555135249031,11.7871996250924,,,9.90972641874026,10.8708447500295,0
10.0445014700323,10.3071451529626,10.9934167252914,,,8.00157324496437,11.0527281455772,,9.07050699452144,9.74724530921621,,11.1024636079211,10.9161555156811,,,,9.23085914300636,11.3308605047327,10.0531903998286,,13.8416334240105,9.37166921518138,,,10.6511495159588,7.12380072444489,9.38126648566146,10.043265191554,0
,,10.8578552022703,,,8.61089755906166,11.4007053247799,10.1429089972105,,,,,10.3843267635356,,10.7534375785442,,9.29926567520197,10.7060135116216,10.1836116653689,,13.5880396845537,9.47968838213381,11.0157446947746,10.9618073155761,,8.21561446036914,10.3484156926532,,0
10.8322870187725,11.5615452902666,11.2352545154888,11.2101801319739,12.5167584192924,9.92669691328705,,11.0760134524876,11.1689564789037,10.4029154051058,11.992700130921,,,,,11.2994335312078,,12.0870601728442,11.2342414382491,12.3403530624591,15.0191126668011,11.6317550522644,,11.8309525260618,11.229319278535,10.1530716307016,11.1502908767712,11.5399078859245,0
,,,10.5752981473822,11.7387754636829,,11.567495824654,10.279555345205,10.9407137236958,10.0548762108521,11.5844973384663,11.2898930954083,11.289698524604,,,10.3455905539992,8.98037520853984,11.278523947613,10.4910679786664,,,,11.9109356552614,11.4274846024047,,9.73427804070127,10.0268402204155,,0
,,10.8581982130351,,11.9855519169647,,11.3689822217994,,10.309971817959,,11.9892880651719,,11.0463359143307,9.80276703720259,,,,11.4918032688511,10.5649746446858,11.7533881876926,14.2773604050432,10.6073517755246,,,10.6180814698344,,10.9314953873191,,0
10.2623280899248,,,10.4081392916667,10.9598094697712,,,,,9.97462274036543,,10.7441311085849,10.7390586849076,,,9.837835083128,8.9336632028634,11.1884523421273,,11.474401193808,14.1312189367896,10.3167175862467,,10.7216271297633,10.9473179247338,,,9.99800573125193,0
9.56146055990535,,10.4431990941371,9.83363849282263,10.3000108505372,,,10.2169730189485,8.48492826039688,8.84861014738054,,10.8445782016871,,9.46041899912781,,,9.04160667906372,10.8913804498956,9.75698604505351,,13.5936418362661,,,10.9975937162234,10.2842009774647,9.5711910407912,,9.09377390266602,0
,,11.0936075801462,,11.0050896914261,8.65967433721794,11.7788955753249,10.8760564385652,9.41720245607399,,,10.7383682562184,10.581954923766,10.1781776521064,,10.0414554375501,,,,11.7718268112431,13.7264638061239,,10.8829088297707,11.1857423475906,10.3114407673061,8.13028600524297,,8.97415214842972,0
10.1388443900179,11.656769674065,11.4536555859249,,,10.3531744576351,,,10.5866659292481,,,11.4313392183703,11.3681128124606,,,10.7821386854519,,11.2237615982964,10.0744232228144,11.8837343436228,,,11.3281832673976,,,8.87472987431119,11.1743294234062,10.1492629981502,0
,8.86145208310138,,,9.92490086996736,8.89832963948374,,,,,,,8.99377306503299,,8.73507490030452,9.64524391086419,9.38869387537302,10.8763585122519,9.24650862230608,12.888670077037,,,,10.582508334587,8.88396070866924,,10.6918359905308,9.58466035481044,0
10.3877898833567,11.392290973,10.7400734963881,10.6863562410123,12.0124600649535,,11.2912069086827,10.2784787523349,10.0695466920762,,,,11.2264609297049,10.5496955402392,,,9.79863482325145,,,,13.4846959449136,,11.7774675142797,11.6825649149414,10.7355463720307,9.82313453371316,11.1206286224845,,0
,11.2688861723067,11.1344107623965,,11.1157638035107,,11.6719544796786,,10.3264112328904,10.2699581004549,11.1024314087235,11.2159674422973,11.4583362832652,10.6405050625349,10.570166342641,10.372518769281,9.52576059250299,11.2008482471165,10.3207696988115,,14.502582793142,10.8662631355081,12.3544324471141,,,,,10.5284422435501,0
,,11.8769047721676,,11.411512280208,9.45531687328614,,,10.1411913107942,10.2749056587031,,11.5035299605381,11.3335341386381,10.7425432748281,11.6351917549973,10.690094750023,,,11.1054002190922,11.1768280264085,14.1780658871679,,11.7398755074352,11.6389315873169,11.1099657606826,9.76737438599425,,10.4533223972998,0
,9.03230683717131,,,,8.54128338356742,,8.65965720424509,,8.46980327139153,11.1840969955398,,,,,,,10.0233879761339,,,11.4789734532378,10.2930013183337,9.1361792205007,,,,,,0
9.70677281970455,10.1323553329717,,9.55044518470162,,7.6787837223941,11.6201978993308,,,9.14878005850507,,,,,,,,10.617752345753,9.3875859375396,11.0567044229462,13.230378685404,,,,10.3488968398544,,8.8177287957982,9.4256402122463,0
10.2494290237547,11.6499375949405,11.5418106635067,10.9868872326769,,9.73833676487536,11.2631819550965,10.5151530843362,10.5176161269468,,,,10.917688599821,,10.7516940358633,10.7552640961865,,,,12.1156690594459,13.9369055679475,,11.3176310693964,11.9903660065666,,,,,0
,,13.2025992826923,11.5968081320164,12.9935124648982,12.4128249756873,13.0053232534533,12.2442798027512,11.8400902390345,11.6058438802305,12.6655872028614,12.7775848120886,12.9033862869851,,11.9433697788278,11.913164725603,10.7818708527834,12.7202363217661,11.5855279470861,,14.4725352060483,12.2573545796079,13.2304780532062,12.4146525892576,,10.641739598808,12.6619155109766,,0
,11.1673202662363,,,,,12.4570738751256,10.7835739952276,,,11.3453803771617,,11.8902650763856,,10.6937822162187,10.5359876316335,9.78216728794618,12.192889042988,10.6890924812064,11.7853859449883,13.8129560137869,,12.6474140921622,11.4088864265931,11.0097119300631,,10.7401937828699,10.6602716841602,0
10.3638664388739,,10.7845246371604,9.95539616487671,11.1913872506487,8.70167597932381,,10.2321692863227,,9.8757816825043,11.6811662748229,10.7386753315723,,,,,,,,12.2812873096326,,,,10.9854919750114,10.1637315592515,9.43753764614267,,,0
,,10.5984976479696,,,,,,,,,,,,,,9.09165686280851,,,10.4204008378036,12.6771751222642,9.99992749423403,11.0296144262503,,10.0002092821274,,,9.72795328920399,0
9.09774767815107,10.8359332438992,11.5937447484784,10.2330149474607,11.6446953390579,9.44656899899813,,,9.93167770305051,9.65663563755838,11.0036584323677,11.6326207310879,11.5214508569233,9.35042289308211,10.8462868257548,,,,,11.7379589215216,,9.58524065426151,,11.351604646523,10.9898373487299,,9.55953604855557,,0
10.6525739412669,10.9177269827485,,10.499569306782,,9.49603070590169,11.4169296933825,,10.079253207524,9.87371850401365,11.0467740899536,10.8230235378408,10.8008784696046,,10.3400606239868,10.1404980971024,9.14787282972439,11.3177634897496,,10.6476213037842,14.0018632664374,10.6612882452331,11.6340632891218,11.1864429469876,10.293342550947,9.89206663958875,10.4954196545692,,0
11.2208389059289,,12.1544787034303,11.5536396772468,,,12.1830407581155,12.0115270540874,,10.9181672410749,12.5060860936214,,12.0544588753312,,11.5651189961749,11.3521729919002,,11.9528316166956,,,,12.4453868015803,11.8290888690434,12.1184135560631,,10.2870522667509,12.1427693428079,,0
,9.98415953894279,,,9.93458625412522,9.29871831290543,11.4052910909707,,,,10.2846408014943,10.6550824077712,,9.02419091603186,,,,10.6967573537919,9.99272921913287,11.9009321906679,12.836381504685,10.2186370137591,11.2580776345062,10.5347738155923,9.97611599684437,,10.5886627488437,9.31677308729108,0
,10.5368887463569,10.9685534606699,10.0602093679167,,,10.7312744252906,10.3533456708613,9.49698712856699,8.95733080953697,10.7474033701516,,10.6877176231425,10.2275767872929,10.5055613298751,,8.67790547132081,,,10.8996715254119,12.8369435289488,10.9279726184548,,10.9675230013589,10.0746405084615,9.66629963971448,9.52766299255442,,0
,,,10.1799479096986,,8.92315061405757,12.2054341735047,10.8817498364411,,,11.1919621903765,11.4642888459547,11.277016552357,,10.6157243949764,10.3478720399239,,,,12.0957835323798,,11.128074576667,11.5848600837072,,10.4192704130176,,,,0
,10.0669013946147,,,10.8576581890721,,12.0492124263394,,9.23062992671656,,10.3522321526006,,10.7070665052112,9.69474233913191,,9.40972158778657,,,,11.7179695329869,13.1029046402479,,,,10.3258544497496,8.69778719870947,,9.61765375511361,0
10.3647064811748,,11.1024818944911,11.2243543513949,11.8776753176007,,12.155781396706,,10.9525445035785,,11.7502274488264,11.4190340536056,11.4136522800008,10.0724988586842,,10.9295936101464,,12.3111622389922,,,14.8018201737747,10.6824593973667,12.1083999162314,,,11.0938012781182,10.4223895610422,,0
,11.1390243716663,,,,9.51721251217117,12.0642052320573,,10.0983923013016,9.57445224931399,,11.7210476256079,11.5219994695124,10.4383243148756,10.7263444137557,9.79771126877505,,11.1743594062788,10.1692454515958,11.3581260241881,14.659019246791,11.2093253892895,,11.0626398752632,,,,10.7658633635115,0
11.1228393210905,11.3584325404713,11.8660363508642,11.1906843540458,12.3801690113978,,,11.3507393060284,10.4657948132762,,,11.6309013599749,,10.7251858823683,11.1361908041132,11.1851582708346,,12.1775850082775,,11.8117581863843,14.1554130881659,12.5157041468146,12.2386862504684,11.736446206651,11.0918408369504,10.6645785028645,10.7943609442866,11.2110074243782,0
,11.5250912472986,12.1165798711251,,,,11.873202098226,,10.4913843916918,10.4111755839165,12.0621480718241,11.6101248102978,,10.2495915152336,,11.216576251587,9.71555531427838,11.4968938176195,,,13.3182518864704,11.3192252113555,12.4231877383073,11.8204258618648,11.0046767660734,10.7924265687178,11.7050353833033,,0
,11.0267578441709,11.3984025011836,,10.9006134750175,,11.5405403181756,9.6753185302921,9.68993472413047,10.1090215939506,,11.0312684757008,11.3220441249029,8.69137611890067,,10.1370540788385,9.20941654965883,,10.3775414856241,,14.0600175439464,10.359267242232,11.0391012535381,10.9586647712927,11.0477670652711,9.11546678752856,10.287929430607,,0
10.3346311138999,10.2104755182596,10.3323790001138,,,,11.2359438245639,9.95756954989106,,9.62169194599508,,,,8.74042916983895,9.31305683782768,,,,10.533615393754,11.5421041866269,,,10.2668186021911,11.0161821243795,9.70757732163509,,7.98837334110623,,0
,10.6707085462482,10.8498308467014,10.1148945229012,,8.95361491013654,11.4617460869618,10.2358132033676,8.96128277684594,,10.1827766290434,11.0144972505089,11.2768983311285,,,,,10.8472014870713,,,13.1232651545606,,11.2246195813284,10.6837424829356,10.0723254625255,,,9.68608437266881,0
,,,11.0723642293043,12.3444912733368,9.87488203853904,12.9969936069878,,10.7232357845052,,12.6726204830803,,11.75302021398,,,11.1522580547158,10.2204902054268,12.2735138275802,11.2179082527956,12.5994514410439,14.0678668646765,11.544147804184,12.7759467490743,,11.2503024654695,10.1563585829997,,,0
10.7798628987363,11.285099187571,11.1987525018275,10.8592412163036,10.9440220263728,9.51923910780833,,11.1174282030267,10.6837534783929,10.3010391371783,11.7241596147974,11.3726587954668,,,,,9.22573913958598,,10.8738288601067,11.4217932810535,,,11.7032235992685,11.8992846998677,,,,9.89699735189903,0
9.33753544693242,11.4835361367381,,10.5361862437933,11.683228505255,,,,10.0666849760266,9.86086753858396,11.1144195320817,11.6146034647371,11.2903477213023,9.94845786587283,,,,11.4148751269605,10.3389130782469,11.392866864259,,,12.0460004480354,11.0548181603896,,,11.0747613093657,10.381863677004,0
11.3533723010548,12.3261653198118,12.3388427037842,11.3022146468984,,10.2865789397978,13.2474494775695,,11.2648983503673,,,12.354896141185,12.0810752803206,10.816611108997,11.4381685705287,,10.6093479142987,12.0172330869344,11.2610766304957,,14.435081411568,12.1178941362669,12.7163261272792,,11.5195091262414,10.4853113754681,11.8812321077415,,0
9.76152487689631,,10.3403763988283,,10.4492774254805,9.01176017910246,9.63137230510992,9.31050050405661,8.46371460007412,,10.0937005107593,,10.3051234314429,9.84602409980196,8.8967054930061,,,10.2256503946868,,11.6615980782768,12.1693366303916,9.58872665659132,,,,,9.4759760500757,,0
10.5967168955906,11.4052934000447,11.6415345209949,,12.0395694808149,,12.5377414892056,,,10.6983999937272,,11.9629105225416,12.0342921430899,,10.5587807165594,10.737554297064,9.29258014022803,11.9963557206214,10.2778020354028,11.9002339791487,14.1044473974006,10.2733942437669,,11.7408701789288,11.0728724328438,9.00746899038178,,,0
10.467761300694,,10.9276472469947,,,9.99017029612319,11.72820385568,10.9028524423796,9.65414001131656,9.60492901067142,,10.5932665368302,10.755413517232,,,,,11.0773457198104,,,13.1958841712534,,,,10.3579651283254,9.36087325206772,11.4480994644203,,0
9.39854964498806,,10.9285732663116,,,7.53202608948088,11.7942792448356,,9.76317941709188,9.48636002585277,10.8878696899685,,10.8578251551084,10.000330478247,10.6710441786889,,,11.0789123792044,,,,,11.9012482610699,10.9611595842551,10.1425829525153,7.50006752593188,10.1785732716306,,0
,10.6101319742797,10.9561293734071,,10.747385237577,,,,,,,10.6819680871772,10.8209297417051,9.71635362877229,9.6665269877758,9.72090894378287,,,,,13.4514551992552,9.90581462378365,,,,8.92962279746215,,9.07213115577343,0
9.82036871212758,11.0025659478826,11.4195090664437,,10.9867642561392,8.21809920446925,11.1747413922836,,,10.0105025725077,10.4677667316944,,11.5352481477392,10.3974522735165,9.51858271796407,10.4201274055217,9.32068304082754,11.3086285578248,,,13.5252811898992,11.0376155803576,12.205947728378,,,,,,0
10.8472609315038,12.0147150463192,11.791150724173,,11.9840783097529,,,10.9954110438842,9.99499389233665,10.3908361661833,,,,10.4522546984894,10.8862073954148,11.0375787645659,9.59199335489101,11.5710972515094,11.0888798663749,12.2076040987653,,,12.3534061092649,,11.3571188448519,11.1561582757369,10.4013233631294,10.8226592853371,0
9.5597255136202,10.5694729319769,11.2329926893702,,,,11.0700393575865,9.93040091971887,9.46972283861077,,,10.484539020017,10.6004097380108,,,,8.75462687887347,,,10.6463951857462,,11.0989839536391,10.1682280565819,,,9.2675947160242,9.86465208458991,,0
,11.7809672845436,,,,,12.1785307180985,,10.9156586948649,,,12.0109198326603,12.1570813221621,,11.2712320009673,10.711029406215,9.99031045358932,,,,14.807891189151,10.9261272822614,11.7077950725866,,11.3118142196281,,10.4766899153251,,0
9.67773857510113,11.3157859286261,11.366506544965,,10.532197522743,,11.8151064880146,10.9083432031065,9.70254100669466,,10.6405897248537,11.4309735155711,,10.6044015349522,9.75535567430152,9.99715667138531,,11.1544810820502,10.643636308289,10.6443813135384,13.285079038939,10.725505277372,12.1199623628811,,,,,9.80239227876595,0
,11.031595100087,11.6349371403539,10.3267762317323,,,,10.4380646452385,,,,11.4435875831555,11.1307717377194,,,10.6393035719139,,,11.0330023695278,12.1210045358528,,11.0139300999499,12.357780207752,11.7454630095813,,9.95292458615314,,9.80778982386842,0
10.5321728811315,,11.4581058465261,10.9246609125947,,9.74331011423522,12.2923397360315,,,10.3092340882689,12.5915906009114,11.9495151931828,11.1641761473638,10.629972821244,,11.0015849385223,9.87978002272322,11.2098523534367,10.6677831471709,,,11.462789359802,,,,9.43149954528187,,10.5031571359501,0
,11.6812611731008,,,11.6158284895267,9.45464627114129,11.7620291410251,,10.0997769917714,,11.4400471474908,11.4263138668829,,,,,,11.2635363790525,10.5157024543741,,12.4809078297815,11.2637932852981,,11.5758263376382,,,9.72725944605324,11.2278443251936,0
,10.9217616835496,10.9347356419559,,11.4208837939382,,10.8779611701292,10.3832901709679,,9.50458249975361,10.8783800654505,,10.5823499815823,9.27386777954058,10.8533633458525,10.4105660122568,,11.2918278730749,10.1579598268608,11.127526465798,13.6329702331042,9.52969132748376,,,10.2403892558775,8.46197084449512,9.11296723208719,,0
11.7954802821427,11.257960911435,12.0761431688758,,12.4336718867234,11.7567204872034,,11.9234926595612,12.1713876174997,11.4783536959731,,12.3001537323846,11.835074797848,10.9728110466028,11.8546576841708,11.3746855599747,,12.5111887310717,,,13.5167488139081,11.4029660683635,,12.7594365753232,11.7415306978984,,13.0260285119128,11.7332659093982,0
11.5604777530553,11.8343014932277,12.1914695151782,11.5443704604452,12.3816988098725,10.1893854635352,12.9755263754128,,10.6956513684502,11.0579186686148,12.731908968212,12.7317954237819,,11.4714426865392,,11.5629020291128,,,11.5556297460519,,15.0172923628012,,12.6762142676097,,11.7934813085401,,,11.0482643122016,0
,11.8484400425983,12.2394108016326,10.8352340917323,11.9902195650127,,11.8018774812087,10.8968219443269,,,12.1720874149367,12.1467341501942,11.2463694186016,10.2272367196966,11.1746119501144,11.0081541965139,,11.8249136588876,10.7265310339438,,13.7620979111165,10.3415642575606,,12.04551444965,,9.14658717172684,11.7598111324099,11.1231127773629,0
10.7935794563756,,12.098043101401,11.0067347695127,11.5982777690147,,12.1280964437713,,,,12.3513123520476,,,10.6284571750114,,,9.96106472621583,,10.9700652735441,12.1381042040975,14.4745646720569,,11.7589868551425,11.7241068124608,11.1908427644964,,11.4296783556662,,0
,11.7573910650912,12.2247519882331,,,11.0490388532846,12.5587158865968,11.9871685037439,11.1481489599356,10.8088384274442,12.6033662639832,12.3742178902806,12.3773446154512,11.6872691544439,10.6581526599222,11.5461791217907,,,,12.7675410081553,14.6992089775009,11.8822097907247,12.6843807154263,12.3980065686924,,10.7021398109276,12.265937852838,10.9011981414596,0
9.00559322118618,,,9.83650013731922,,8.70480474758685,11.4175689407017,,,9.01187026389658,10.4414021229452,10.5468841839378,10.9778088403439,,,9.75220551061272,,,10.3534683047138,11.4129871799022,13.873640430165,10.8292899789925,11.9378174456446,,,9.35783711718492,,8.64637403686795,0
9.48345869591545,,10.87884914668,9.6728167587319,10.8448326603261,,12.0243463036571,,,,,,11.0001299371463,8.40146816793824,,9.88789739292768,,,10.12891622638,,13.2331051492564,,10.8931703770298,,10.6660581605213,,,9.70134727334311,0
9.99612585324241,10.8675668200973,,,11.336829043298,,11.2565562089579,,,,11.5708092174923,10.0396765607967,11.0587304878193,,,10.7144191565662,9.57030921556355,10.6834563633243,10.5665508748075,,14.0642170120774,,11.2565744418398,,10.5690578306665,9.05177998166602,10.100669191452,,0
10.5502096425134,10.8486489770121,10.9142056118718,,11.4138481929276,,11.4865053025305,,,10.0497979994544,,11.4574967292623,11.5162823274233,,11.0919892343884,,,,10.1062610711947,11.8128477404813,14.4827923083087,9.99742990028107,,,,,,10.6229623674061,0
9.90027808177194,10.8264429453454,10.8274493062379,10.4148247675402,,,11.4786625646234,,,,11.2555278323718,,,9.9112677518808,,10.9659037183092,9.14494631520183,10.6820466665367,11.2534317048559,11.8757436588654,13.1227940625901,,11.3783189492331,10.9410613339268,,10.9576314369829,10.2907191848639,,0
10.235566270726,,11.2783984786844,,11.9224582002482,9.39923119486492,11.40678213309,,10.0592533344876,10.348474740995,,11.5491285541192,11.3742811635235,10.3825031911151,10.6620791984282,,10.0208675649775,11.6952599833064,,,13.5130909321401,10.1122906137206,,11.1934965671643,10.9199689792874,9.09428451255153,,10.2273517204255,0
,11.6347381772333,11.8695849619895,10.639862401555,11.6339139115381,,11.5286146365301,11.0553602477669,10.5162817367994,,,12.0532579678969,,,10.6158997731222,,9.97971495147583,12.1139113670827,11.2412460739789,12.1055111230162,13.4100866253456,,,12.0500095521498,,9.88178346076177,,,0
10.2399985301786,11.3303560460471,,11.1276418622163,11.4597567698511,10.2261587185537,,10.7493328595846,10.4732728575294,,,,,,10.8681692081571,,,11.5283016288401,10.6816551382274,,13.6622108905097,10.6282443234862,12.2366159422025,12.1303985366157,,9.27001360598678,11.619182079434,10.7085901071262,0
,11.8683700767992,11.5896344544748,,12.261758043449,,,,,,,,11.5159954876684,,10.9393140719985,10.8385391956445,,,10.8263963308969,,13.7654647202656,11.5436157695334,11.8276351520471,11.8787315844032,10.9041452732937,10.095831097648,,11.5430958941206,0
8.45321282888206,9.34653848813801,,,8.83855752238875,,,8.15763115777273,8.60326987489284,,11.5279015817396,,,,,,8.76079232726372,,9.26701149560346,10.9360113606908,,,,10.4156812324346,8.45019836863096,,9.15985266979058,,0
,11.8715593360073,,11.1911989337757,11.5936780899684,11.9535718892049,,11.1583885030766,,10.7604108161819,11.801643761291,,,10.4490576579518,,,9.84974279926771,,,11.8860864106592,14.4190738935994,11.2209968923363,,,11.3212841255446,,10.4446043776385,11.4546051951324,0
11.6124593341642,11.7066630174786,12.1146426809694,11.3297139422125,13.0357728955033,,12.0402782162666,11.3509710929263,,,11.8849880002257,,,,11.2121921790973,11.3783674607417,,12.334037468597,11.3608219949584,,,,12.8883386408756,12.3537886982734,11.3936662976625,,,10.6050337880206,0
9.16636097247133,10.0429724036142,10.5370797564457,,9.62881470871073,,,,,,,10.2837250430363,10.2994859808791,,,9.32181171625467,,10.6399096450831,,10.7482715781975,12.866233271956,9.79682696875432,10.6469191090181,,,,8.78444868406116,,0
,,11.8888722035461,10.058176460228,,7.46905393546349,12.0987776805033,,10.1283900504362,,11.5290840523235,10.9525861087841,11.2791063647822,9.23755881814356,,10.1258117389943,9.59153445602628,,,11.2437137145791,,,11.8084854469517,11.4729448523865,10.6405115656215,,,9.25020482637747,0
,10.0398862533458,10.4749600642633,9.35671261566361,,,,9.62182354618799,,,,,10.3418473047197,,,9.21727604079981,8.09744482095594,9.9302619665388,9.88209187674506,,,9.28834249670104,,,9.6942308594073,,,,0
,10.3247801320235,11.1043225019151,9.76890470902246,10.2863655972276,,11.1892320282341,,,,10.0900370956057,,10.9173564027161,,,9.46516317944439,,,,10.8719409875502,,8.97628884290994,10.0861115595887,10.6273727284323,,,,,0
10.2062217712258,,,10.061744898627,10.9023650843664,9.52263930756265,12.0837403149725,10.137069096853,,9.93302500623205,11.1068041088526,11.4350567127068,11.4450358618861,,,,8.90065372234233,,10.3258011007179,11.2912515120398,14.2882666989668,,12.0938791365467,11.4705709058005,11.1639995167524,,,9.95180167912859,0
10.143918197855,,,,,,,,,,11.3668639766479,11.5880564155597,11.5238817365716,,,10.4239256299355,,12.1458759423509,,11.0962146184293,14.3520479946441,,12.2624036331498,11.2660981117852,11.0742434419883,,12.0805473502737,10.7023200459408,0
,11.7290410360721,,10.7615672413327,,,11.9686738036717,,,10.6176390759585,12.3187831002996,11.5380649937226,11.367979936565,11.2216420519703,,11.0741799615903,,12.0459792576393,10.9167950651057,12.0022411700962,14.5227103951897,,,11.9660203400747,,9.87012209270473,11.2310470269107,10.9923057819152,0
9.93273992434105,10.8365848899098,,10.4167682732794,,,10.8931024622249,10.2740411329138,,10.1525818731397,11.2779195392426,,,,10.4895642058628,10.6255926889288,,,9.90311305519134,12.3762647959755,,10.0567544941124,11.4310298719461,11.5276734772185,,,,,0
,11.3202472166844,11.5906154731713,,11.1397060945194,,11.9120866945011,,,9.82785918769394,10.704433476445,,11.0130439992239,,10.8664305249219,,,11.0904574766334,,11.4761505857119,13.8872626203297,,9.96039812694599,,10.6411687197042,,,10.4861849476685,0
10.0487009408246,10.3839096292545,,9.57833577156095,10.4948082821502,,10.138961004796,,9.02777296324764,,11.1068570197438,10.2941515916728,10.471801895187,,10.1742450555147,,8.88939985567963,10.5738203852893,10.2437609665171,11.3151306877446,13.4608716943142,9.80711944746666,,,10.2467017962523,8.32628784276391,,9.21991777397175,0
,,12.2441280885146,11.7330370587858,12.1988361598367,,,,,11.063348856234,13.514088364012,12.3496322289256,11.4046518987934,10.1126373655093,11.5307257027974,,,12.0339170774128,11.4718353890683,13.3482450960782,14.8800385029717,11.5627785119511,12.1622361155865,12.5666273895509,11.4093140984877,10.7384989654146,11.6406240046812,10.7488485261434,0
10.0878512222414,10.6961579554069,,,,8.97303380976192,10.2848993324764,9.69500893568635,,,10.9258875612574,10.0624439490494,10.3647811443833,,10.0183586364622,9.19893988089319,,10.8068637758343,9.53698028682497,11.1204010470391,13.3763394075408,9.44277609238882,,10.623285682235,,,,9.96967835381519,0
,10.817635550312,10.6302571596007,,,,10.4264894476799,,9.34555722740698,9.62372634622684,,10.8098882782292,,,9.48761125853265,9.8513625218339,,10.7912259228224,,,,10.5870348302055,,,,,,9.85811154909473,0
10.1352715982852,11.0616859407101,11.6522805726039,10.2910253187531,,,11.3865803691564,,,9.96312230897067,11.0398728778838,11.0351224182983,11.3854390174187,9.420073751962,,10.5251401386894,9.17100022905247,11.3529903508608,10.7750060821548,11.2225980340721,13.3388731299039,11.0310704542557,11.3286962317756,11.0744028352772,,9.0061620147279,11.2422587553454,9.08459395222055,0
11.0353417329785,11.2408984066735,11.4080387430357,10.563748765081,11.3684651127565,9.68609304961216,11.4752075263792,,10.527959677511,,,,10.4653467886705,,,10.0631043013626,9.53772611489503,11.5203290852516,,,12.0676773461956,10.3816801563233,11.6424846886162,11.7080737303947,10.3142368161712,10.1311394205854,9.97865617687482,10.4239075491682,0
9.04846123784146,10.5847408175889,10.7554543260549,,,,10.758111595727,10.3753140543123,,,,10.3197534040577,,,,9.80076509886037,,10.7899874129329,,11.4214518180216,13.4528092456454,9.71892062621862,11.0525771757986,10.0060533858493,9.93416816968108,8.58400004542342,,9.34913391678501,0
9.90877556470818,,10.8337010453757,,10.2723863385784,,,9.81832727301182,9.78155266245525,9.96138777614213,,10.7737497914245,,8.70896598843248,10.4562486415855,,8.98724935274504,11.0113648382877,10.1054394664735,11.5478949350539,13.4822452958153,,,10.7025773397439,,9.23497710748656,10.9853704870784,9.93586642681694,0
8.89817363752353,,,,,9.47001441715324,11.9893093272198,,,10.1152365147143,12.314036664402,10.7588144561725,,,10.3420191397169,11.2390641469001,,,,11.74148176704,14.0950022933912,,10.4422945100681,,,,9.91264404345413,,0
,11.5358502209004,,10.7372793744017,12.0666514751911,10.5570543444233,12.1134389634191,,,10.3714005099443,12.128156543608,11.2013227235402,11.4170497049748,9.90753766292315,10.7633270575878,,10.465259174149,,,,14.1785131131851,9.99648566569125,,12.0970368877104,11.2005112880855,10.0295789548063,11.1593442309393,10.6604014265021,0
11.7436165390672,,12.6039761308469,,12.6453816116084,10.5259025126442,12.4592766709343,,,,,12.3530614491527,12.1473191640591,10.9864458863494,11.3161475363624,10.962715026769,10.9047333821464,12.4463178837742,11.3650982793503,12.0920990820932,14.2263134151042,11.5193109571996,12.6198509528974,,11.6221818701281,,12.0108345232672,,0
11.7779129030366,,10.9060100507071,,11.5535778888733,9.2079204860321,,,,,11.0241000083413,11.6169699034225,,10.7714308309384,10.9540973622292,,,,,11.2711603681589,,,,11.7529785430346,10.405871186451,9.21909678262091,9.84633679389306,10.1330478246867,0
10.2482875218605,10.4873233900379,11.2664997948671,,11.6380815664227,,10.8035725069734,10.3930421686072,9.67540137901811,9.92500307650437,11.5784626270832,,10.970818910422,10.244038455164,10.8410670559424,10.3571200219296,,11.0833295491309,10.1448307976904,11.5827609510232,13.4305830070786,10.6492210480199,,11.2591932367726,,,,,0
,,,,,,10.3025567378311,10.2254766508016,,,10.4200801423446,,,9.97481353491953,10.314541934421,10.5466076472197,,10.9371686347599,9.97148899340172,,12.7004894631598,,10.9988381736749,11.0049324660876,,,9.32131689396106,9.49248621411195,0
,,,,,10.6742067227158,,,,,12.8308046665405,11.2028157666328,,10.4393241752875,11.3252891341471,,9.96559736098857,10.9667770945492,,,13.3234720638701,10.5594651446071,,11.8146243615638,10.3142574891504,11.4439293947701,,10.0555354920032,0
10.7583641472169,12.3694216923958,,11.3022966348147,12.0264062058435,,,,11.0434554339522,,12.691317711795,,,11.2420850831451,11.5312368117213,11.0106409442489,10.0028201751902,,,11.8531865992643,14.5731150523248,,12.5472061511862,12.0812181447579,,10.4879879778222,11.2315329061703,11.5171499334854,0
8.73646871307969,9.3162506351688,9.14788985442808,8.27417812739524,,,9.08909934904509,8.66494309215777,,7.60658780012528,,9.1645961413914,,8.48498732705194,,,,,,,11.6843483608312,8.33383392027377,9.52053634642098,,,6.95451082702481,,,0
8.92294636703001,10.2090696329995,10.8641867856842,,,,10.9940317532738,,,8.50209403460761,,10.7084963929746,11.284461964615,,,,8.70558440927138,,,10.760157098968,13.9605955427618,,9.85890618948693,,10.2766642864777,,,8.97201351288939,0
9.05675598424634,,9.94637315841592,8.66680530297996,10.220322168193,,,,,8.91594615030395,,9.8901279040333,10.027861579447,,9.17648475585294,,,10.7618012181894,,11.2159747816313,12.4624327568542,9.71324696477602,,,,,,9.4154704302658,0
,10.8269466343271,11.0826357492916,,11.3646494738544,,,,,,11.6380702481341,10.7401691663381,,,10.3428594123048,,,11.2744145744252,,,13.8541400169659,,11.787941410028,10.731840992025,10.3971806679359,,10.468295839403,10.098068973012,0
,11.6173427701056,,10.4880963611578,,9.64400372276207,,,,10.2794570130062,11.3958972206629,10.8350535193885,11.0566283886976,,,,,11.1796533504889,10.2345262905153,,13.4594485142793,10.5419506560061,11.2910210143187,10.8112800068704,10.3290529711209,9.43779725449419,10.5741084826283,,0
,11.4676266577601,11.7898462042431,,,10.1349231112672,,11.1396935963093,9.97153195885499,10.3956159513405,10.9077740557579,11.574611168511,11.8948414275625,,10.2712535951799,10.2340750156689,,11.6923664861441,10.6112322117481,,13.2555935101001,10.6741060753278,,11.7853502268937,10.7776678399588,,11.8655406686223,,0
,10.8844909922349,,,,9.09158915698923,11.8205435155896,,,,11.0207814672648,11.1227737303271,,9.01656766742352,10.1204811917407,9.73788951184555,,11.3658415221497,,11.1684390033629,13.0666768344942,9.64278143242028,,10.9173491260968,,8.63471236655879,11.1380765297469,,0
,9.97936727458876,,,9.62623176597514,8.23624930539425,10.6673641495025,,8.54366119477606,,,,10.0778005366699,,,9.43176942466987,,,,,,,11.1113986331734,9.55482516245006,,7.33097992191644,10.2726355833501,,0
10.3079885478365,,11.6933077805309,10.7988831075181,11.5469580971235,9.79359745609699,,10.9907731143965,,10.0980108488246,12.2136264580556,11.2966570046711,,9.82001379797595,10.6718928140323,10.5822006143119,10.1027292140638,10.5678634081111,11.297265408213,,14.1218830786277,,11.9243198489274,11.4190554289525,10.6483251320638,,10.5034081086528,,0
10.1681010514612,,,10.1489803955999,11.86752732943,10.0162533438979,11.6091221794947,,,,,11.3857909463095,,,,10.3902900257495,,,,11.5781640205463,13.3688850470996,10.8238650253315,12.0389454955556,10.9374426521933,,,,,0
,,11.5428593255333,,11.3115538239425,,,10.2066523437441,10.1566954277156,,,11.2991362230967,11.2417430759437,,10.8638112418386,10.3194963808277,9.44068020771787,11.3945600896754,10.521423865089,,13.5671777333084,10.2124852964998,11.7966707943984,11.5794760739326,11.1107649058511,,,10.0803379787368,0
9.67641751289653,,11.2168686059032,10.7049001615945,11.7029854071729,10.8797765565898,12.084372391375,,10.7302942143073,11.3386280141938,,,11.5812103494536,,,,,,,13.1722102279967,14.1673882649421,11.1556075397774,,11.7322346500222,,,10.5497783425312,,0
11.2100344403046,,10.6515373826577,,10.8522633937206,,11.4404296735953,,,9.76866404038123,10.487957617881,11.0373508085129,11.6689341165467,10.1233096629234,,,,11.6751388291983,9.74788186877667,10.3275510210612,13.325746296601,10.4325132544672,10.6624097948034,10.7247822854779,10.2995030721438,9.54709762904674,,10.5270738151694,0
10.8304177412859,10.8925148506107,11.1338475649142,,11.3858721846038,9.45081743387614,11.2098907510015,,,,10.9899729741582,11.0501796848195,11.2061071159123,,9.4838070234707,,9.42018003284411,11.3238109425489,,11.1669591174888,,,11.3462813108105,,10.4846302185307,9.11698915435405,,,0
,10.4361162714139,11.0711682251514,,11.4099189396328,8.32909698177932,10.9536701508406,,,,,,10.977690767861,9.76348173532189,10.1240857970671,,,,10.213422391194,11.2043105823889,,,,,,8.57415293150404,10.4843628752437,,0
11.4308491921158,11.4227939917098,11.2619628435417,10.4854881753619,,,11.220520172794,10.4623736658221,10.6102547547024,10.9489329140814,11.553353587331,11.4165571131839,11.4126635186037,,,,,11.7425035645724,,11.6604385858133,,10.477849896454,11.8426963549902,,10.7174399650162,,10.6203989849303,10.1961080076673,0
,,12.0394452973183,,11.4585256451748,10.3400805225536,11.6703933559993,10.6500108649974,10.0344138819644,,,11.6392744760717,,10.1232106285642,10.6948465425306,,9.49037708841502,11.4663702023857,10.4528159244558,11.5552300014543,13.8033412850947,10.6325990651498,,11.5684885483085,,10.1462393933309,11.2505960159532,9.84879375331707,0
10.088767825868,11.6267658806088,11.3762168139787,,11.7642532199627,10.6258115129807,12.1970806025074,10.5810167537048,,10.8308238529038,,,11.2220825996433,10.0411134374194,10.6916360545516,,9.97207364450518,11.5670579509492,10.5382910056772,12.0450637346594,13.0091558382513,11.0781595645882,,11.5563788742964,10.6507130573109,9.01874203645222,10.4664836230387,10.460479285121,0
,11.3846987295471,11.4344651926072,,,,,,,10.1533487455689,,11.1380431420533,11.4621974106204,,11.1185450245219,10.404922513708,,,10.3644905482933,,13.5853301026348,,12.1612326333434,11.456861674382,,9.25646576869416,11.4933870554874,10.5041296057938,0
10.185122808522,,10.5173136837944,9.97881362312473,11.6096645949947,9.57871830990331,10.4730790675622,,,,,,10.939333522825,9.78014140505001,10.7920489165583,10.1689191933952,,,,,13.49871827419,,11.1307766315521,,10.4129512965765,8.42118154772722,,,0
9.72421784467409,,,9.97221316318678,10.2775356796205,,,9.08050982488974,,8.6946176595153,10.8665579008069,,,,,,8.64122895440205,10.5640724630197,,,12.8358565442719,,10.9433362653131,,10.0253601106079,,,,0
,10.860224852457,10.3121237767028,9.24434772250599,10.0324005450939,,,,,,,10.4915885998787,10.7533305010172,,,9.75004367095086,,,,10.5445329502344,12.9008973361085,,11.1554051211222,,,,9.83105228695235,9.36552228982947,0
,10.9252625334075,11.4982398328116,,11.8439743345921,,12.0604066411136,11.1441058204075,,10.0385646249181,,11.8883527530542,,,10.5711397022932,10.5434212650234,9.86952693026849,,10.8817319974312,,13.7826705931488,,12.1615621677756,11.6216341131263,,,11.3791319566002,9.85829159132489,0
9.76605514844172,,9.98921769546299,9.93757217422856,10.6540240095841,9.03434677528942,10.3959781748785,9.64766259232685,,,,,10.3717203554552,9.61941091605225,,9.61158755398706,,10.6150808972995,,11.1448993123302,14.0679717362612,9.9967309920373,10.9642170857239,,,8.77037929141098,,10.0600006830951,0
,11.3766130302908,11.9204929038401,,11.5986549755356,,11.904054888554,,10.3889450472667,,11.2840063212683,11.336893810179,11.6037975017617,9.97617413720522,9.21402925317211,10.504912835617,,,,11.7586756311183,13.7853909683606,11.2452390046736,12.1693487108847,,,9.09557671838314,11.1024502741886,,0
,10.1874300831969,,9.88315102948344,10.6594841587109,8.7097720288931,,9.66285030691817,,,10.7647757420814,10.8010257770136,10.9621908642229,,,,8.44256887876647,,,11.2191506479907,13.0404140610862,10.6863320298332,,10.9030937344439,,9.22648886273354,,,0
,10.6418785821635,11.3491864699336,,12.2924325902445,10.4394744770673,,10.3291674681459,,10.3450795610976,12.0427224564019,11.1452538936854,10.8900564628821,,,10.7474403186309,,11.7636101809625,,12.1483753980954,14.1399413790137,10.3870720399723,11.9319207219614,,,,9.50875196593584,10.1199262894573,0
,,,,10.4212187725706,,,,9.7059109443437,,10.6399864848767,11.0363006156515,10.4542645130346,9.18765137735714,,,,10.9940252151896,9.98159314297727,,,10.0389525933591,10.8937920412261,,10.6406173922514,,,9.81340288580517,0
10.2346887017757,10.0955932026572,,9.68026080257168,,8.74047516588539,,9.95656588600687,,9.54846406833924,10.4479050539815,10.7094458086717,10.2527028005038,,9.27700387703454,,8.81414673551455,11.0998434684695,9.91469643747844,11.5703369926769,13.4886723350552,,,10.499446245569,,8.30114426900486,,9.54863126294525,0
,,9.31156799800605,7.85978779700349,,9.03938682642967,,9.02059591750347,,,10.3707268173831,,,,8.21113523997356,,8.34743935689268,,8.68834329164521,,,,,,,,,,0
,11.2868097669161,,11.1129105377056,,,11.9820468902949,11.0425587627879,9.93813946628,10.6826626527482,11.8181134988407,11.9075909097694,11.1542763929959,,,11.5730714738257,,,,12.1846821974541,13.9916997351046,,11.6599668209538,,,9.79691539441567,,,0
,,9.6907925508304,,9.54196060099202,8.50530434882902,10.4365703560421,7.81588752983508,,,,9.35631264642218,8.8623977336791,,,8.67621402651793,,,,10.0465398726076,12.4067600117039,8.99990102839547,10.2965028043567,9.60655316242678,,,,,0
,,,,11.6225834886945,11.3337001729138,12.6433761241037,11.5828319708148,,10.6628805399534,11.8946951131169,,11.5672707145821,,10.8715032901157,10.9474908559556,10.0644594626077,,11.0126083882648,12.0421835051515,14.5877511480126,11.4079878023458,,,,,11.4112188676448,,0
,10.5866712560234,11.5495418381705,,12.5689333448202,10.6439586360735,9.42895158915178,11.1005527331884,10.7622845898895,,,11.5288564169062,11.5060304776729,10.4933809377616,,,,11.9257565967516,,11.8383657014359,13.3048552309004,,,,10.9122607420441,9.71198578419779,10.9006241246835,,0
,,,,10.7983684942534,,,,9.63786982002082,,11.3549911915774,10.691736461181,,,10.4696696078444,,9.88933186677566,,10.3778345266282,11.7658999336109,11.5651195361239,,11.1894904276044,,10.3017883681233,9.49090476220473,,9.96758286267992,0
10.0906662885836,,,8.10514650575999,8.58904071919626,,10.1324535698459,,8.3337486955661,,,,8.63953001127068,,,,,10.6648231472677,,11.1322365746905,,,,,8.80254278649479,8.93047415656092,,8.22217268649479,0
10.6095192219855,,,,12.2636128973676,10.6451218706535,11.7361737377521,,10.4422012410672,,11.6486489939852,11.5913909112422,11.649584862784,,,11.0236710694984,,11.7320282251627,,11.4016209815406,13.2463478506786,,12.0163193518501,11.4773505415447,10.8498934480368,,11.8857658801516,,0
11.0656094214951,11.1204249943428,11.6032624789938,,,10.9400451975778,11.2516762201887,,,,12.9202408886396,11.7664625053864,11.4286072993602,11.0828749675846,,,10.1681231331377,,,12.0950775146648,13.6150745797672,,11.7622262558198,12.159051169209,11.3278212773352,11.3901616481157,,,0
,10.5499996872884,,10.3954485652546,11.215753577885,,12.2231847428565,,9.21572433290091,9.34740577371083,11.0426403676338,11.3616315769767,,9.9256392052546,10.5335294955838,10.6996892622831,9.10443016636346,,,11.4786666690041,13.9959704974984,,12.1276511672635,,10.862258504101,,,,0
10.1666272488087,11.1160690858314,11.1351234297572,,11.6400338058027,9.35065028211472,12.1351087895899,10.4438991420755,9.74129504087315,,,11.6626807710369,11.3795871344691,,,,8.33496274448145,,10.3990643242273,,,10.8116950463495,11.0178506740141,,10.6619846370047,,9.84874469175917,,0
9.79691216434488,10.7229260687239,10.625828216486,10.2066975496536,10.2603367088357,10.13255192554,11.4418380279527,9.72665475572477,,,10.6840851514106,10.8219465270132,10.7516930620393,9.72275572177533,10.2456540637782,9.60185622870109,,,10.3818227276704,11.3284682274095,13.6377958194911,10.3407951088818,,,,,9.98512183860297,,0
11.2957151621133,11.3846177604526,11.3165703084461,,11.4189878579847,9.14288741713322,12.1605949343852,10.5263811773874,10.0936120684175,,,11.7644189424836,11.6358442165809,,10.4694439196635,11.0568644469367,9.72715387889447,,10.2637435975449,12.1759940970995,,10.4934162563851,,11.7438139691676,,9.67250396364352,,,0
,10.9066983621069,10.7460569942995,,11.3459871078545,,11.6507980517152,,,10.161885117493,,,10.8742033960101,9.72116668172104,10.6263832493843,10.6159290357561,,,,12.1509128712985,13.6917629109572,11.2506934548616,11.5514845415406,11.0322186021504,,9.87773071944051,10.7213339495764,,0
10.1458496247176,11.949626641224,11.8050275347119,10.5798988041178,,9.01226697851338,,,10.0858340563797,10.9161602216844,11.1922638114713,11.8761966732264,,,,,9.50864840220994,11.1581253015868,10.2900517645186,11.6685360398355,13.4840697655485,,12.3412964657759,,11.4733853181027,,,,0
,,,9.64848764286454,,8.91095117407381,11.1577440967552,,,,10.4509845362426,10.2138313976604,,,,9.51188999160095,8.25932274819868,10.3920174858663,,10.1224905234124,,9.02522310977681,,,9.9431278159972,,9.08438974216421,,0
,,,9.32997214946666,,,,9.56958267801845,9.3806045510592,,,,10.7027949293732,,,,8.34117848868814,10.7715521645157,9.31881376796431,11.8263930038564,,,11.7052339003307,,,,8.93967495506038,,0
10.6786371561696,10.7507535000193,,10.4900805952438,11.1246189625209,8.3775609015451,11.509669131536,10.6035646083872,9.46399116248632,9.92768271282304,,,10.902887566023,10.637090635254,10.1872693798023,,9.50432961444783,10.8950238402567,,11.7643899435117,13.6572179697527,10.6235175117037,,11.9568376969135,,,,,0
10.2869451796889,,11.8284807156591,10.3730255693207,11.4996190956903,9.56248008531346,,10.9756206021727,,10.3661513611591,,,,10.3793740839546,,9.97985958546395,,12.2245451379507,10.7164822844772,10.9270955930834,12.5524165658592,11.0667351963026,,11.0806119598968,,8.80555159089601,10.4300795977202,,0
10.9289063516328,,,10.9950902369021,11.5879051125038,,,11.2234737998675,11.0714585015513,10.1973027661481,11.7623337923409,,,9.47785577145469,10.8543193914116,10.8974214267614,10.2544639291164,,,12.2034475006979,13.2086365043535,,11.4100051700458,11.6129722693956,10.5558159907054,,,,0
10.840269613634,11.295272268486,,,,,11.2120353507642,10.6304723657899,,,12.3002060346238,11.7615165276001,11.3334614598513,10.1577431233187,10.2038709471287,10.6399613221995,9.38945352859303,,,,13.614903801968,,11.6259746018173,,,,,10.5080224747254,0
,10.0768184587897,10.6251012642346,9.22947726139843,10.7714982776395,10.6104237124744,,9.59084419773875,,9.36302510321021,,,10.3482944956261,9.2835579270484,10.2637778171775,9.19285843236555,8.83824241142084,,,10.7264752795576,,,11.0038556097882,,9.63481288453499,,9.19877595357049,,0
9.47469748678357,10.1274416426403,10.4996681540974,9.38234371931502,10.5417983493305,,11.1196643657347,,,,10.0716182594096,10.5676135156223,10.5062227132329,9.65810408267916,9.44554899149456,9.71469125299973,7.90078121028358,,,,,,,,,8.77026437345905,10.1831824922797,,0
11.5621326280514,11.3616084383907,11.5164323401847,11.3479074179976,,10.2917609806569,12.4548185797177,10.2795563875371,,,,12.0221248064692,11.7581837580782,,,11.5893809748126,,12.0827908160553,10.9080493096945,12.3613454148342,14.9806498408161,10.5266714414771,,,10.9028764540697,,11.2896100458293,11.479954618817,0
10.8418626725685,,11.5728239275264,10.6721044895008,12.0686017788823,,12.2564578360106,11.0338367803443,10.7005608428046,10.5285587510311,12.4613460015456,,,9.99876442722933,10.4516613214642,11.1862884151617,10.3093804334734,,10.9187109676127,12.0708015028145,14.0841375607313,,11.6796219919293,11.7824118847702,,,,,0
,11.1763371115162,11.1127733905918,,12.2119237974258,,,,10.1647134298779,,11.495716806829,11.2615285130754,10.9300885081591,10.5726437421371,10.6901814527373,10.7973555248566,9.7319214234498,11.219117861009,10.8145341926416,11.3730615044417,13.5717733409988,,11.4655812136789,,10.5740003363255,10.0504868517973,,,0
,,10.9647651722241,,,,12.5242962086358,,,10.1439443839494,,,,,,10.4072472356906,9.15629296858742,11.0481368350825,,11.923069390449,12.9717774203343,10.0240314755787,,,10.6423619408163,,11.1913403526027,,0
8.87230838763258,,10.9469558391166,9.90712606730109,,,11.0946074237548,,,,,11.4299616151093,10.7029194445286,,,,9.585206376856,,,,12.9520055889148,,11.5943195491906,,,6.74166726487811,10.6091431854878,,0
11.7925411231347,11.3677293027453,,,11.0578920993463,8.56062810980413,11.5583324924463,,10.186787416543,,,,,10.1382185476947,11.1705887425639,,,11.9169111647912,,,13.7220174995114,10.8762780899909,11.6626754531592,11.4354731497749,10.9792943869061,9.77947580620295,,,0
,,10.9549900263816,10.0926592550299,11.1915302720174,10.6694887995971,,10.3887229942927,,9.95301618694591,,,11.4836037885356,,,10.3818385905604,,11.179524553039,,11.6782804218064,13.960120503333,,11.4188932126812,10.9575477208949,,,,9.5369994365293,0
,11.0080460181664,,,10.7967079634184,,,10.203684732582,,,10.5639716403151,11.2451319932809,10.6998701919786,9.34272472145309,10.8103755530886,9.2650978397217,,,10.1689438283754,10.7749778230145,,,11.1099443099838,10.6887549311552,10.4537805814119,7.98171916698706,9.56154788746845,,0
,9.84214392165295,10.8436769556897,9.97349834016318,,,11.1034710003091,10.2668052923434,,9.31059329179141,10.7903647134394,,,,,9.76090450367483,,,10.3340898626505,11.148725546361,13.5693169266572,10.5847725385873,11.4198987610472,10.7859690040761,10.3544215490966,,,,0
,10.8714400967909,,,11.0145944910397,9.59743684160144,11.4229723100659,9.88475407782237,10.0294581127204,,10.7387213484725,11.3957693369137,11.4722267971222,,10.8018672246729,10.0639866258498,,11.3426707748877,10.3412332760942,11.9737224540003,13.0701219190695,10.5176057888159,,11.2383433028067,10.667811629501,,,10.5535017599714,0
11.2260535720759,10.0378801502951,,,12.0314206180768,10.0815746328945,11.231935889651,,,9.8670107585139,,,11.3898155160782,,,,9.33626127103399,12.1105259277878,10.8780814134821,,13.371335516283,,11.4975271578987,,,8.25380492113973,,,0
,11.725007494365,,10.9077566283779,,,12.0241887151126,11.9237159259971,,,,11.8881570227485,,10.4512608737917,10.530694485294,,9.41507003847018,11.6805386358995,,12.0677950503721,14.0982175037138,11.1165710953114,12.4765022904219,11.914469780226,,10.9403290878068,11.7955965420187,10.1757454438308,0
10.0714635248888,,10.5962252708268,10.4435370343013,11.5216642754246,,,,,9.07124876678805,,,10.8780623340558,9.25295940583296,10.7877322440766,,,10.9696654383524,,10.9470253844351,13.8152491787589,9.72964779719571,11.170359691086,11.3185291598291,,8.39669789652251,9.61893474070492,,0
,11.3816439327052,,,,10.7454482756988,,10.9775996949382,,10.6268452103702,11.7084580425672,,,10.7831040860767,,10.6879214172325,,11.6359837897368,,11.6735965301597,13.3471428664866,10.7847923069993,12.6675191295512,12.2585022458582,11.2616048778242,11.3242062548665,11.3260983036393,10.5852844125431,0
,,10.9832651499982,,11.283447300704,,,10.7361235517127,9.03763674436233,10.0173508865941,10.9350963998295,,,10.0251692756306,,10.6100362991624,,11.6287614899082,10.3596653392548,12.1464555388728,13.7634096085395,,11.402584224815,,,9.87778597984143,,10.0752291354281,0
,,,10.8716214956224,12.852735058886,10.0882636517504,,11.4181264739139,10.1585783548113,10.7222047805025,12.1223055696722,12.1459783235796,11.6051998006302,,11.4019283062147,10.5250815143056,10.4958694030768,12.091512514167,,12.8096172599047,13.7287876857944,11.5226438199227,12.0878926468185,,11.1859738940039,,11.6396458875096,,0
,,,,9.78578911617166,,11.4319047190632,,9.33834358171927,,10.7681394472788,10.7053710273413,10.7390394379105,9.86650427868069,,10.0381333123858,,11.1299328181574,9.94765704085161,,14.3038492749981,,10.6092214638616,10.8791937317063,10.1476937262942,8.157778719137,,,0
10.30558369485,11.5314971878915,,,,,12.7031880915416,10.8347703313733,10.5323851148335,9.96939599302029,11.4179663140847,,11.008762224179,,,,,11.3918132479753,,11.8564013021151,13.2595965213652,,12.0798950360043,,,,10.5361374948859,10.4841529281661,0
,8.14400023237899,,,9.44983852305477,8.70858588328005,,,,,,,,,,,7.75482947986105,9.16655532603978,9.49498856270696,,,,,10.0273667034751,,,,7.73452276779307,0
10.1608259937934,10.8838406766081,11.0782041910384,,,9.55886128431036,10.7448229296161,11.0364794189892,10.3454644426962,,,11.0995989710085,,,10.6704390203863,,,10.9721123922887,,,12.9441552350426,,11.1497044976462,,10.5292007822047,,10.3887147119106,,0
,11.6180677624666,,10.4599262966957,12.0296270271458,,11.6911975125231,,,,11.9679915209017,11.2170644196155,11.2058272766754,10.7027602920812,,,,11.9026219320503,,,13.2994718840019,,12.0413756676865,12.1704732843933,10.6669593143234,,,,0
,,11.6619552580878,,,,12.221300079194,,,,,11.7616114315893,11.6067770880306,,,,,,10.3824587347455,,13.4956399980617,,11.1521305584974,,,9.8107483798143,,,0
10.7751525200654,,11.6880238410784,11.3705209514591,12.5240604205388,10.2110760557715,,,10.9650026815965,,12.257433726666,11.8205456022898,12.1992597830321,10.389577312884,10.3867954519959,10.981329392579,,12.5283977267414,11.19776734053,,14.5309196430422,11.9001007338025,12.0834195811299,12.2776498065114,,10.5025646848396,11.8449724877813,11.139101233797,0
,10.8901547568949,11.3808851474004,10.611602796895,,,,,9.57767431259803,9.83595913012939,,11.7539175603742,11.4000797272773,10.7282061751658,,10.7242589727163,,,10.3022489029843,11.6101400684521,13.1628986866158,,,11.6346656983782,,10.4304908638993,,,0
,9.44472161462204,10.2423983868911,,10.5177505045385,,11.7973931647024,9.61688653045368,,9.62057686943458,10.5466404041851,10.2812829208628,,,9.59436030637964,9.75380925672611,,10.8459358646524,9.574113307958,12.2210520908359,15.108826585385,10.0152295080435,10.9370686960957,,10.1851372084402,8.74872981748385,10.080307971112,,0
,10.4635440675411,10.513900808005,,,9.62605156623256,11.3798750028925,,9.44590770454776,,10.4521461018706,,10.5311153869926,,,9.94666374763031,9.01870934115801,10.6618217120649,,,,,11.468012483664,,10.0358824404363,7.79551481424505,,8.72285792526353,0
9.05316357959294,10.8789284979839,,,,9.22034665171642,11.5197238781165,10.2902181666001,,9.52860710947722,,,11.3413476476528,8.82734305022389,10.6580018971248,,,,,11.0857318481242,13.9443598624585,,,11.2771714431423,,,9.76474513879313,10.5637557940442,0
,11.0491612108622,,10.8503299614013,10.7006153267698,,11.3376322553015,10.7750752764425,,9.98334752691639,,,11.0090963066125,,11.0727934823943,10.5376636842123,9.22260955624735,11.1925261733835,10.5089600722061,11.4298921556297,,10.5061361000795,11.7035840068553,11.3505508242524,10.5690715048542,10.4359747033709,,,0
,,,9.16113810433115,,8.24349075198634,10.1450682510345,9.29156115314758,8.92022967027452,,9.99256292732042,10.3875189057842,10.4873741610539,9.231544246818,8.83309573529795,,,,,10.0523841938791,13.0002298673243,9.35663920137306,11.2102801150598,,9.99172367226552,7.88465931773978,9.53722095138559,9.43748560055183,0
,,11.9736237720443,,12.6692465273305,11.3947673266435,11.5212557395665,11.3645109536718,10.7210501050571,10.7822284859315,,11.8882507170849,,,10.7622230404947,11.4524885771565,9.94092146668024,,11.2137276406052,12.0578582576171,13.0782955491603,,11.9278793363894,11.5734950693334,,,11.3755783831397,9.51868821196652,0
,10.889952729214,,,11.2890568198522,,,,,,11.1870687817228,10.7157458245604,10.9298234939227,,11.2391399682878,10.1860762184392,9.70438878827482,,10.5823639538711,11.0725487163656,13.958964992635,11.2383457269094,,,10.0025935447003,,10.7376544483649,8.89074401388317,0
,11.1256491426492,,10.0142875480414,11.4786452044558,9.7689236547973,11.739417058704,10.256986023641,9.71690456144272,9.81136794442431,10.9069433009297,11.1734214755652,,,10.2784216073866,10.577167843591,,10.9635571927847,,,13.5360774980514,,,,10.4688681624054,,,,0
10.057299879561,,10.8447602396984,,,9.5421117935068,,9.5271927667075,9.27665986220315,,,,10.8941828026843,9.12873140244267,,,8.32040552774031,,,,13.0180001126804,,10.8309277789819,10.5897164423771,,8.70701394843505,,10.3066329845372,0
10.2935333280993,10.6860444903951,11.057679462438,9.87166804013038,10.7209099559764,,11.890395593976,9.98651262732555,,9.64356954895275,10.6588966152532,,10.826265413006,,,10.0394368943957,,,9.82070301251233,11.7235399088946,13.8852531523683,10.3280589726306,,10.7916107763853,,,10.0228036470608,,0
,10.3871280697461,10.9504349067935,10.1466081842728,,,,10.1890331088445,,,,11.0725732757207,10.7314514689341,9.74490509725438,,10.1416588117478,,11.0916875843268,,10.8115285489672,,10.5379941237636,10.9389151186894,11.0110418086549,,8.46489393845636,,,0
,,,,,,9.36784409424998,9.76633202241574,,8.51204796571326,,7.96523292723197,,8.40731656029259,,,,,,9.29285118695705,10.0732498982729,,,,,6.85424643512975,,7.81283054038705,0
,,9.45125886848527,,11.6592130253717,,,9.15099166552195,,8.26837150794452,,10.0197927503213,,9.91957608712156,9.82020523146533,,,,10.1776479662965,,10.7527855727117,,9.02689650563799,,9.23933420156994,,7.94720448441916,11.3585019065629,0
8.87212812844745,,10.1096470070188,10.1075091444416,11.4688286745767,,10.9036461196573,,,,11.9664386137519,10.8892280198687,10.7593897044806,,,10.3615218937393,,,,11.9791421891956,14.1174410079215,10.4289345712824,,10.8281544611577,,9.29791155276091,,,0
10.2171792445218,10.869399765525,,,,10.4233973671075,,,10.0594751219346,9.76360266454841,11.4629014139206,11.577660083356,,9.89271745312542,10.0994431355369,,9.74425582682205,11.3563138093703,10.2710370421881,11.8947093793535,12.4372001951371,,11.3096525727434,11.0350595953441,,,10.3579157895944,,0
10.8916166708667,,10.831204284543,10.7936163950681,11.8386021179325,,11.3811082195256,10.1834863879701,,,11.8773542657337,11.8120552119842,11.4099736820647,,,10.5957682016552,9.19154031460534,11.6319371692808,,12.1323832158679,14.1592187828358,,11.9343989794195,11.7735918778278,11.2144498031738,10.1168438629617,9.84686558497742,,0
,,11.18571804157,10.2566094864097,12.0798937721332,,11.312958045114,,10.6052634113986,10.069665252036,,11.1030742148302,,,10.6634439310578,,,11.4327851618033,,,13.6173015830701,10.8411313198288,11.3268096916015,,10.6943824748895,9.4328285950624,,9.4508774161712,0
9.09040170432439,10.4499318098002,11.1372493788137,,10.7377870225881,7.93810087308723,10.6070080001683,,,,9.73379994089031,,,8.84197726077272,9.89694367297071,9.44709529842399,,10.4056268862228,,11.3831156176633,12.6270504238224,,,,9.86700867746071,,,9.90567414726812,0
,10.8340939604748,10.4793767122042,,10.4943986180138,,12.1080019956955,,9.08379131462295,,10.3506944178795,11.0247230230597,10.8264947142004,,10.4036665023334,,,11.2195865392299,10.1574394316209,,13.9932292466457,,,11.0714475473183,10.4021266631165,,,,0
9.85346707050595,10.7672846851137,11.2655971719644,10.4443902149097,11.2984489978589,8.92937164664326,,10.5593587646713,10.1761457188621,,11.0349615129147,,,,10.6830015362061,10.5871076718547,,,,,,,11.8392561009691,11.2029007116746,10.3104407431434,11.3269242040763,10.481736912362,,0
8.61326888671083,10.649677179178,,9.64478063028159,,,,,,,,10.8343935419183,,,,10.121752675446,8.68073205711253,10.8067941802249,9.55006637668972,,12.7930309043751,9.78323896920643,11.43351850375,10.8251479847309,9.57089465238107,,10.4839705227256,,0
10.7519189190046,12.4377539445116,12.6493737909115,11.6042180656745,12.517566964728,,13.0716145385898,11.8313120464826,11.1858599049122,10.9659419918794,12.0415678861148,,11.9541179745235,10.9867691716785,11.640232612193,,10.4560877335151,12.08977491703,10.9857258456876,12.0716009377495,14.7376287159572,11.5782176371131,12.8622416506662,,,,,,0
10.4065232788292,,10.6968920351918,,,8.41554056651739,12.3751876426991,10.5905226046291,9.96110501563648,9.64854303299227,10.7886668504657,,11.254819672438,,10.9994957499636,10.319907154865,9.46260075513503,,10.5271534086563,,13.9381460202507,11.2919979134297,12.1812526445936,11.1446061409219,10.4072855871334,10.1420118384598,,11.1345077663464,0
,11.3403607909794,11.7362840107881,10.7085977593834,11.3940300922259,,12.2462879798743,10.5828797771207,10.5997035753142,10.504877877938,,11.7272917602553,11.5406765671387,10.3478351387757,10.8331171198257,10.0959604487373,,,10.3924212333053,11.5682528601434,14.3041252027605,11.2057691390698,11.9648269886179,11.5946401834673,,,,,0
10.14322708499,,11.0073328160699,10.1599866078729,10.2685446841862,,12.4015487272054,9.9317930322356,9.51104269414076,9.76981588203428,,10.9961334312578,10.8258526980803,10.2430563250261,10.1735783938642,,,11.3393190995557,10.3436845841732,11.6593276565534,,9.23275146274588,,,,8.51915996143218,,9.68265544064335,0
,11.8649103458235,,,11.8358647748344,10.3132528640703,,11.8881153406679,10.7650116521691,,,11.9160592882869,11.6309979901204,11.2763987631008,11.2654796203176,11.4319110446388,10.4483999969953,,11.1936306957725,,14.4440403577693,,12.6550048338452,12.118265940533,11.4444219130039,,11.1908075071435,,0
,,10.7917236258134,,11.2765436333202,9.56865662328342,10.9495033940879,,10.1523804386019,,10.920242697988,,10.7175647477317,,,,,11.251887936461,,,,9.80809550460761,11.0793508149479,10.8099134780887,,,9.0322445892463,8.81299815382045,0
,,,9.05883101487456,,,10.9071032293987,,,8.88061393064462,,,9.92490205883162,9.17188979758579,,,7.8860297896394,,8.34877457529569,,13.8810130785382,9.97546642492969,11.186472879672,,,8.60005629520898,,,0
,,11.0229583399389,,10.4946150771265,,12.0106576306841,10.0415394293026,9.70257939717937,,10.4684189400107,,10.5948346347754,,9.62432622813479,,,,,,13.112911807999,,11.45789702241,,9.88279311071139,8.66577753247728,,9.71426818195114,0
,9.64577167703914,9.85470125691363,9.84807419001568,8.26473763807297,8.72012612119353,10.3008551402362,,,,12.1190123175413,9.85283024913385,,,10.2647674569833,,9.70673230661638,,,,,,9.89381666338051,11.6172766069424,,,9.96407346755799,,0
11.2312349661816,12.1645307122292,12.3669722677849,11.5306935855609,12.7245476656298,10.5495065403505,12.0495544283429,11.6196630269725,10.6632687813833,,12.2400114193305,,,11.4191226710495,12.0095675684454,11.8036196792398,,12.4257052822179,11.4477736998111,12.829939436446,13.6380764098717,11.5652092468409,12.3972525249385,12.3822913064679,11.377132876638,10.1850708577343,11.8182941794367,10.9714183428208,0
8.17859199948186,10.1489678518132,,,,,10.1902514555045,,,,10.8492769707132,,,8.86842929974434,,,8.50151924631373,,9.46289122389602,,12.2005378712163,,11.1812232475555,,9.5379991421838,,9.16466909476916,,0
11.3778256134569,,12.3991547216389,11.2324717102574,,11.5346392085779,12.5294267639913,11.682795543483,,10.8847064884834,11.7005443082131,12.1793805940251,11.8451715093475,,,11.107653570635,,,11.1418344294387,,13.9405222201472,11.8235608858039,12.5551539278944,12.0586114036463,,,,,0
,11.8686549630833,11.9078130110375,10.7915660916035,,9.53080238627127,,,11.1521766485119,10.4371246626536,12.6062234239841,12.1110939008539,11.7896244452344,,,,9.97285659491764,12.1441413600275,11.6985118432096,,14.0226564692115,11.4386130069305,12.7583504024675,12.4157619377427,,,11.3169238093174,11.1029828329293,0
8.9768022872475,,,9.04662385562481,10.1667996330734,,9.71418460069819,9.60460045262604,,8.45662061379666,,,,9.34178375048362,9.03926703230859,8.71665511725809,,,,,13.28621501414,,,10.2438917443012,9.63563048999936,,,,0
10.1114832681249,9.81021611630044,10.2141888202553,9.30599208837834,10.7640411905858,,10.811364304206,9.59356417300826,,9.24241398686701,10.9772549983915,10.6238958447229,,9.1465721391831,,10.1467491898815,,10.7125727662897,9.75572297011678,,13.4640307973685,,10.6559489536097,,10.1215943661609,,8.77963965063947,9.49155812681396,0
,11.7929226574653,,,12.2036872577322,10.681430674091,12.8296188203811,10.6737564186992,10.8131969401842,11.2090269769867,,11.6560923092108,11.5329410452933,10.4542399634082,10.9527369388807,,,11.8233636584557,10.8721281913742,11.9957996434859,,11.2761181881236,,,,,,10.7143864577613,0
11.3938917902763,,11.0955618855721,11.010708151315,11.4294703200416,10.5686691956286,11.851780925113,11.2100524223944,,10.343717820118,12.072151148054,,11.0825713449878,,10.2874049449414,10.7706351333496,9.91631793383185,11.8172489931795,11.0014423227028,11.6664810681926,13.8595930317258,,11.7026014470411,,,,11.0755953915336,10.2318003841282,0
10.8786174665969,11.3640730345889,,,12.3347500592986,,11.9448863538529,10.8681570994437,10.1597723038681,10.5657860074717,,,,10.4520986192691,,11.2533949367696,,,11.2699499025901,13.3605791433709,14.7193328580038,,12.1086736800474,11.9274320875396,,,,10.2149426890048,0
10.7241672559082,10.6078630556826,11.4842353182158,,10.5938429373092,,12.1178028800012,,,9.98929434846606,,11.0990268965962,,10.1229751160144,10.2194540376028,9.84338470449773,,11.1053390252742,,11.9636523297057,13.5125804209319,10.9534052935436,11.8684875530166,11.3871444212804,,9.40150760416312,11.1826252387736,,0
,10.9796315657303,,,,9.16384844515873,,10.700471550712,,,,11.0564117880013,,,9.65514999753515,10.0478685346285,9.29737285150261,,,10.8574781766385,12.8337519215991,9.9722910059171,11.2587350221038,11.3507806567486,,,,,0
,,,,9.45788288673765,,,,,8.8516020636252,10.5100735799736,10.1305442159081,10.5364298416416,,,9.6872885705557,,,10.0500020244018,,,10.3243893275855,11.0790645720508,,9.93712875971862,,,,0
9.31884408688832,11.3012402466814,,9.5575367992314,11.7316589420294,10.0274015999919,11.5546341541668,10.6421371755755,,9.89625101987135,11.0379601165535,11.3362607893888,11.3559361681138,,9.99703296746747,,8.62362392269992,11.4205217154632,10.6785772147667,11.8557565367033,,10.6044305536666,11.8165271049236,10.7359197608605,10.6053542699052,10.3607746959712,10.5726499486824,,0
11.0901612665867,,12.6285244011897,,12.6294698508703,,11.5974976913095,11.6308149337071,,10.9123128438428,12.1318104413709,11.8885388211301,11.8648720193549,,11.4079886250884,11.332668763371,,,,12.0408736900618,13.6873007754445,,12.0380570358033,12.3031633801151,11.3727000353779,10.4387522479787,,11.4412376637918,0
11.2318909504382,12.3695377995222,12.4884526376142,,12.1423779807005,,12.8185183546611,,10.2309195197233,10.7508490088395,11.8549289060984,12.4113765527593,12.5927908258059,10.9756603802279,,11.277050436408,,12.4592095964991,,12.7849017279782,,11.8343670313028,,12.190607824151,11.4948290758168,,12.3196105101814,10.580033419566,0
