DHX15_HUMAN,G3P_HUMAN,HSPB1_HUMAN,ENOA_HUMAN,NPM_HUMAN,HS90A_HUMAN,HNRPC_HUMAN,HS90B_HUMAN,ANXA5_HUMAN,H14_HUMAN,CH60_HUMAN,KPYM_HUMAN,ENPL_HUMAN,PGAM1_HUMAN,NUCL_HUMAN,RL13_HUMAN,CALR_HUMAN,S10AB_HUMAN,MYH10_HUMAN,RBMX_HUMAN,LPPRC_HUMAN,RL28_HUMAN,SYAC_HUMAN,HNRPM_HUMAN,RS23_HUMAN,TYB10_HUMAN,RS4X_HUMAN,H4_HUMAN,RL23_HUMAN,HNRPU_HUMAN,PSME1_HUMAN,EF1A1_HUMAN,PARK7_HUMAN,BioReplicate
,,,10.4135566697645,,10.2575211377358,9.6681338662659,10.624916233092,,11.0818090762728,10.2743394845112,8.97754701604465,9.28850405812199,10.8705867586005,10.8009054255743,11.4073549094793,9.76789128497563,10.05595272919,7.90882960574637,10.1004332511709,8.23699428272433,,,9.84793647639097,11.2150998761447,13.1896187396064,,10.6528238206307,10.6340814895719,10.3759844332352,9.75148931262481,,9.99158434378872,0
,,10.061446141311,11.2443883004003,,10.6301789141072,9.7122918462466,,9.65520762142476,11.9280393565993,10.2961370055321,9.2362777963841,9.6364088032649,,11.4670730282343,10.6169133598545,9.56680918091812,,8.84314393644082,9.8960649127986,8.73363933029995,11.154925214411,9.79610885827637,10.0283743373647,10.7755883928723,,10.3060055848847,11.0620881860718,10.745291262162,,9.7164168445582,,,0
,7.6707738626163,9.75898581519958,,8.86009588640684,9.90827189818233,8.65805429592807,10.5606156147677,9.95608023706616,10.673638858755,,,8.94757800209916,11.1601888889454,8.83806129474635,8.20221173190767,7.65128709420502,7.74372403232847,,9.02363258959738,,,9.56625049269941,,,11.7272412437175,8.91454562351817,6.8920777923637,,,8.63023187421712,,,0
9.376285763246,8.37417677049456,9.68399812218738,,10.14419970431,9.5903124292878,,10.6876776847658,,11.1388250842301,,8.26397467004364,9.10226248426896,,,10.8556263404444,,9.63507148579215,,,8.59285188650832,11.0269314938183,8.71903648314548,,11.1389345934836,13.3864570873816,10.2889004281336,11.0108118748023,10.2402718533032,9.98946975596697,,,8.66903821321675,0
7.9225322185781,9.05564086333488,,10.0078142992441,10.6125515398369,9.47882307728432,9.23988686936575,10.4781294932661,,10.8429065981494,,9.39934426148049,9.4668254160197,,10.8251974035113,,9.48402980233316,9.64781935982794,7.85050483358205,,8.627568766369,10.9998105415373,,9.13641731046008,,12.8902508285352,10.3049509042422,10.9760708101185,,,9.18235994647021,9.34874690300802,8.99603562628915,0
10.6413294723331,9.10518414699002,10.0652260448781,11.3261187286657,11.8765090548162,10.4904176460014,10.6047194458807,11.3724165109025,8.92996328860095,11.6487281645942,10.7692218453357,10.1062299971006,10.5290522525594,12.4093594418905,11.4823885185631,11.679144226084,10.0388269603684,10.8643057244286,9.27471224538466,11.139105315116,10.18465018757,11.9009233888111,9.24512863103425,10.5990211086473,12.2852555330839,13.6918480792925,,11.5602060583154,12.313921235351,10.6888779094288,9.78094296996161,,10.2471512858586,0
9.31448977479781,9.86419081826015,10.1094915891403,11.2881411965102,11.4596307276371,10.4783112581974,,,8.87191359544909,,10.7747792552998,10.7290599745898,10.1889905112693,12.4761870553887,11.3775431385273,10.8005635630539,10.4291159852747,11.5314586219926,8.47852112268028,10.7743221142958,,11.6521557679147,11.4199308187003,11.3095375830018,11.6419915718238,13.9698582625515,11.1850215488581,12.2085243768875,11.7002064722294,10.5491665637862,9.98611956616861,10.2167892647668,10.4107103578412,0
9.60306168789952,,,11.7261366060513,,11.0707612300715,10.422029473283,11.3128047430537,11.1752016443831,12.2664390082138,11.2619642182337,10.5975877832644,10.8112105492107,11.7684014849687,,12.2067134148466,10.4003508847977,11.3995137815693,9.4809569859213,11.0251520746632,10.0877322794235,12.1887941087985,10.5597742098854,11.4978826994853,12.0927054411853,14.2646003338425,11.4698994683329,12.8159078567038,12.0503244848888,11.3389815962156,10.4593039557486,11.2396703936391,10.2523755221952,0
,9.59484898264051,10.7882513482391,11.1895140160895,11.2497660382465,10.7384595887671,10.3749977270316,10.7976339654958,10.4216549505408,11.8178521404799,,10.0773639025156,,11.2017308617742,11.3204723005351,11.1071389002063,,10.5994847116311,9.01882345323085,10.5315203388611,9.92526279020162,11.7447696285998,,10.6507235626402,11.0070073714981,13.3287808566878,10.408141544251,11.7327538621463,11.6460251563776,,,,,0
14.1151686846381,10.3014166567968,12.7045065916252,11.9640121524875,13.0870686872914,11.7984400543525,15.2256788330551,,14.7319796164171,,12.827952666695,,,14.2656191614098,11.9558466090295,12.4038728517267,12.1056875373302,13.7716013191383,12.0806665280376,13.9749337027837,,,12.3204823191306,13.1555340222778,14.0478365115146,16.2366849856807,12.4267340903542,13.7263790874456,13.5638594552632,12.2134151149112,,11.9798352166536,12.3993132482694,0
9.91081832353895,,9.61108496445178,,10.8155302158522,10.3082505791081,9.5949378187706,11.1147594791857,7.85432687603721,11.6551691030047,10.6498588919887,,9.0923521856618,10.5891759480397,10.9791436218567,11.3752600499116,9.77076002379686,9.85139297091388,8.00705833968177,9.79059952830285,9.13227547035429,11.0505825292415,9.05808741322629,,10.9724485612728,13.7183051149987,10.3792953621738,11.8074086485554,10.6637454158797,10.3731503916042,,,,0
,11.1077176054181,11.6077559893455,11.755212780154,12.4616295774798,11.0688072145082,11.01899941963,11.6712315299037,11.0241882971339,12.2142735132257,11.6625258460553,10.5994337805459,11.1258884525426,11.4642701548828,12.0245734261525,11.8005709675602,11.0013748953379,11.6374927452896,,11.0770449815478,10.1346075407786,12.3125048700962,10.0769592343703,11.0814924909798,11.6142112814989,14.443942086441,11.4134048861889,12.5788751824226,12.1917562161992,,,11.035907800135,,0
8.31600174184717,,9.42999782152323,10.4083012263088,10.8677875420974,,9.62374844373139,10.2113458011217,,11.0186445936312,9.59401499762237,,9.22782720011113,10.0840619791293,10.3567965292394,,9.41222530651167,9.56570641348365,8.34198859947042,9.76548297223724,,,8.69296880359391,9.95802560198837,9.88461993507753,12.204770578296,9.68331167135046,10.907145920039,10.633473612466,9.93926196530321,,10.1427899516092,,0
8.43487015448378,5.60465390029974,,8.46804495944502,8.53416623534441,8.49293410320346,7.17371475501453,9.47068239911447,8.39444110496815,10.3924193432487,7.89243980203235,8.21933438534431,,9.96572476925999,,8.34663005469598,,,,7.4142868036449,7.94206593667817,,8.56428537709329,,10.7527684101808,,9.01025987134628,,9.54222340200258,6.97348098179122,,,,0
,9.46268961816589,10.2469933072338,11.2116932107116,11.163652253479,10.5488230641966,,11.2387462696083,,11.4938206649204,,,9.48282838534336,10.7903551028191,11.6008432704135,10.9924902644129,9.86601064523344,10.1728377151673,8.79272785889685,10.2498025428176,8.84312413561594,11.6584554627248,8.8579682694018,10.4315471097729,11.6300351134526,,,11.6452130596061,10.7552746977857,,,9.54524807391934,10.3911351617115,0
9.86143320847788,,,11.405280558855,11.1472014572966,11.1332368839408,10.6710009077115,11.657352828385,10.0727876339394,11.7875438254994,11.0462289452762,,,12.2825469082066,,11.4901398143682,9.8551214876614,10.4489662444397,,11.0175789037463,,11.9330797827088,10.312090155937,10.8968442819524,12.5095053830324,14.0458864046335,10.9374228429414,11.6555135249031,11.7871996250924,10.8169798790031,,9.90972641874026,10.8708447500295,0
8.7363977552829,,10.0445014700323,10.3071451529626,10.9934167252914,9.67894082979747,9.49396946239381,10.7834397370991,,,9.03366478948127,9.07050699452144,9.74724530921621,10.6977525950055,11.1024636079211,10.9161555156811,9.56383665458145,10.5945825400322,8.92718914321909,9.6858450195628,9.23085914300636,,9.03481951431566,,,13.8416334240105,9.37166921518138,10.3637585523576,10.7185818498724,10.6511495159588,,,10.043265191554,0
8.71278088342957,,,10.6458417143375,,10.2052353319162,9.94608943299432,10.6398865032776,8.61089755906166,11.4007053247799,10.1429089972105,9.58466102058661,,10.7738025344864,11.1198806439034,10.3843267635356,10.1520280060292,10.7534375785442,8.31843836816424,,,10.7060135116216,9.3883621061862,,,13.5880396845537,9.47968838213381,11.0157446947746,10.9618073155761,,8.21561446036914,10.3484156926532,9.93192555569635,0
10.3648629992245,,,11.5615452902666,11.2352545154888,11.2101801319739,11.2336086147259,12.5167584192924,9.92669691328705,10.20669175979,,,10.4029154051058,11.992700130921,12.147804562206,11.8370132115918,10.7294525682383,11.2700604499046,9.42684439687022,11.2994335312078,9.7676231889555,,,11.2342414382491,12.3403530624591,15.0191126668011,11.6317550522644,12.452148791597,11.8309525260618,11.229319278535,,11.1502908767712,,0
9.34414929633281,,10.7397612810315,10.9069700291742,10.9816409211995,10.5752981473822,10.5861062524397,11.7387754636829,9.28778387298708,11.567495824654,10.279555345205,10.9407137236958,10.0548762108521,11.5844973384663,11.2898930954083,11.289698524604,,10.5931647110352,,10.3455905539992,,11.278523947613,10.6152057728584,,12.2497284237373,14.5899282044508,10.8188525116626,11.9109356552614,,10.8439618023693,9.73427804070127,,10.6594574829306,0
10.1140201210898,10.7181313587981,10.6444242338414,11.2228764437736,,,,11.9855519169647,10.1246063422866,11.3689822217994,10.9491476022287,10.309971817959,,11.9892880651719,11.4253426327902,11.0463359143307,9.80276703720259,10.8896496920337,9.09941887154478,11.3447722368159,9.32207026258761,11.4918032688511,11.8848926922693,,,14.2773604050432,10.6073517755246,11.5819054373045,11.1189229181213,10.6180814698344,,10.9314953873191,10.2049304744928,0
,9.24335398897815,,11.2669142953479,,10.4081392916667,9.52147983942922,10.9598094697712,,12.2435246850512,9.50112178136244,9.2635356659407,,11.0445988030532,10.7441311085849,,10.1875981941523,10.642058413762,9.22782400208663,,,11.1884523421273,,10.1410439592359,11.474401193808,14.1312189367896,10.3167175862467,11.6337111176068,10.7216271297633,10.9473179247338,10.4565494528829,8.96242041557463,9.99800573125193,0
9.62913425305007,8.73800740271111,9.56146055990535,10.2682287647974,10.4431990941371,,,10.3000108505372,7.62440983284798,11.7772744990407,,,,10.2582270569521,10.8445782016871,11.3800468509771,,,,,9.04160667906372,10.8913804498956,,9.75698604505351,11.3678761322792,13.5936418362661,10.2369539183274,10.9303304658567,10.9975937162234,10.2842009774647,9.5711910407912,8.43942405175163,,0
9.21103136489609,,9.88884682392825,10.4204958747813,,9.8279780544443,,11.0050896914261,8.65967433721794,11.7788955753249,10.8760564385652,9.41720245607399,,11.1560684925618,10.7383682562184,,,10.513897935491,,,8.81575998613327,10.942440708392,9.55823487192432,,11.7718268112431,13.7264638061239,10.4932453606598,10.8829088297707,,,,,,0
10.1530706068514,,,11.656769674065,11.4536555859249,,,11.6790629551753,10.3531744576351,12.3149255042788,,10.5866659292481,,12.0124865688627,11.4313392183703,11.3681128124606,9.99819525006319,10.2867158399711,,10.7821386854519,,11.2237615982964,10.1549816244927,,11.8837343436228,13.380105897769,11.1501274223052,11.3281832673976,11.4778570404929,10.664643465557,8.87472987431119,11.1743294234062,,0
,,8.51619273859271,8.86145208310138,,9.92082897246929,9.39092475037388,9.92490086996736,8.89832963948374,9.66313767559988,,,,10.9672322307773,9.45427126753722,8.99377306503299,,8.73507490030452,,9.64524391086419,9.38869387537302,10.8763585122519,9.38675768373428,9.24650862230608,12.888670077037,11.5560197225987,9.27729784208539,9.65828494587044,10.582508334587,,9.53025163222201,10.6918359905308,9.58466035481044,0
10.039102597705,7.79171081979809,,11.392290973,10.7400734963881,,10.1080313197683,12.0124600649535,9.19102200238427,11.2912069086827,10.2784787523349,10.0695466920762,10.2027420229544,11.5235254570205,,11.2264609297049,10.5496955402392,11.3410105141227,8.96232406912801,10.2938213495078,9.79863482325145,11.7511220649522,9.11743303496763,10.6481807402514,12.2205516923828,13.4846959449136,11.2468295123846,11.7774675142797,11.6825649149414,10.7355463720307,9.82313453371316,11.1206286224845,9.53092324238667,0
,9.4571976485039,,,11.1344107623965,10.8263219734239,,11.1157638035107,8.47374285292105,11.6719544796786,10.8642904740346,,10.2699581004549,11.1024314087235,,11.4583362832652,,10.570166342641,9.0508264472001,10.372518769281,,,9.26840907766455,10.3207696988115,12.3260565361291,,10.8662631355081,12.3544324471141,11.3730259820099,10.7910448397626,10.3393570806078,,10.5284422435501,0
9.22813904509792,9.86173817097318,10.853135829745,11.4605613524804,11.8769047721676,10.5963601667344,,11.411512280208,9.45531687328614,12.0037006039208,10.8774616137079,10.1411913107942,10.2749056587031,11.2187342644951,11.5035299605381,11.3335341386381,,11.6351917549973,8.97596233269643,10.690094750023,9.54113981253003,,9.70883099906864,,11.1768280264085,14.1780658871679,,,11.6389315873169,11.1099657606826,,10.8059353590248,10.4533223972998,0
8.61739397074417,6.16758192415376,9.12982984846226,9.03230683717131,9.05254727058779,8.84746710201956,7.96793008349825,,,9.81749256487558,,8.57821526761896,8.46980327139153,11.1840969955398,9.01828126831293,,6.65990722122168,8.50212891122502,,8.52736389057369,,10.0233879761339,9.18696957331586,8.70875874425999,9.71426855269549,11.4789734532378,10.2930013183337,,9.49224096283722,,,9.4122561590691,,0
8.53939608170919,7.98044459767684,9.70677281970455,10.1323553329717,10.764040134284,9.55044518470162,,,7.6787837223941,11.6201978993308,9.7238115068506,8.84889798974704,9.14878005850507,,10.583959445455,10.4687856379236,9.27462480326331,,,,8.55760650255705,10.617752345753,,,11.0567044229462,13.230378685404,,11.0727608534757,10.3310720654093,,,8.8177287957982,9.4256402122463,0
,9.89144409070761,10.2494290237547,11.6499375949405,,10.9868872326769,10.6205826942452,11.394059463597,,11.2631819550965,10.5151530843362,10.5176161269468,,,,,10.6394154925352,10.7516940358633,8.9389557667172,10.7552640961865,9.73397878690495,11.4856013887393,10.4500472619602,,,13.9369055679475,10.1227568604807,11.3176310693964,11.9903660065666,10.655371744708,,11.6653015550663,,0
10.9307349488218,11.9314118054955,,12.8076534809,13.2025992826923,11.5968081320164,11.7590130536049,12.9935124648982,12.4128249756873,,12.2442798027512,11.8400902390345,11.6058438802305,12.6655872028614,,12.9033862869851,11.4840567338414,11.9433697788278,9.74332339466167,,10.7818708527834,12.7202363217661,10.3744647076981,,,14.4725352060483,12.2573545796079,13.2304780532062,12.4146525892576,12.1569588225568,10.641739598808,12.6619155109766,11.3348010510362,0
9.36771731276917,9.44745570338229,10.0446424334868,11.1673202662363,,10.4337104247423,10.5062165654414,11.765990153662,,12.4570738751256,10.7835739952276,9.98085719178299,10.1848380415453,11.3453803771617,11.5818737335746,11.8902650763856,9.92779265712138,,8.51762634629942,10.5359876316335,9.78216728794618,12.192889042988,9.81502390815126,10.6890924812064,11.7853859449883,13.8129560137869,11.3253335394237,12.6474140921622,,11.0097119300631,,10.7401937828699,,0
11.185374648107,8.79121621689889,10.3638664388739,10.7787864833105,10.7845246371604,9.95539616487671,,11.1913872506487,8.70167597932381,10.9458621685963,10.2321692863227,9.47071884219398,9.8757816825043,11.6811662748229,10.7386753315723,10.4552448121724,10.5620428758335,,,10.0697121995132,9.9691913066754,10.5228696270703,7.88323547265849,10.0385607408287,12.2812873096326,13.3613154550942,10.344672336408,10.8789800149227,,10.1637315592515,,10.3261358246313,,0
,9.30739340873721,,,10.5984976479696,10.0107154912456,9.72493186155232,11.3496889033058,,11.0656957951685,10.2577474909522,,,11.0123540465242,10.9249307558789,10.4644941858278,9.58869315864277,9.09285229770069,8.27747790613864,,,10.8371601538273,9.10705992225176,9.61842726445398,10.4204008378036,12.6771751222642,9.99992749423403,11.0296144262503,10.5911820904472,10.0002092821274,,,9.72795328920399,0
9.19401573736286,9.07624506362713,9.09774767815107,10.8359332438992,11.5937447484784,,10.429119011151,11.6446953390579,9.44656899899813,,10.3103070271307,9.93167770305051,,11.0036584323677,11.6326207310879,11.5214508569233,,10.8462868257548,8.70752136132504,10.2370937052056,8.66751030510698,11.3347065506279,10.5627303099082,10.4733254521115,,,9.58524065426151,10.6784896200844,11.351604646523,10.9898373487299,8.35965254992264,9.55953604855557,10.335107084553,0
9.776341050899,9.61984754837105,10.6525739412669,10.9177269827485,11.5184188311061,,10.3611679925708,11.4235521519089,,11.4169296933825,10.7105729132096,10.079253207524,9.87371850401365,,10.8230235378408,10.8008784696046,,10.3400606239868,,10.1404980971024,,11.3177634897496,10.24549259056,10.5542092194323,10.6476213037842,14.0018632664374,10.6612882452331,,11.1864429469876,10.293342550947,,,10.1529669527336,0
10.9386548012309,10.8187809416349,11.2208389059289,,12.1544787034303,11.5536396772468,11.3672683567423,12.5922076122241,10.0984727549874,12.1830407581155,12.0115270540874,11.8123951026674,10.9181672410749,12.5060860936214,,12.0544588753312,11.6304485816447,11.5651189961749,,11.3521729919002,10.5824102647228,,,11.6506331861061,11.3900927585827,15.6661515367727,12.4453868015803,11.8290888690434,12.1184135560631,11.852885559739,10.2870522667509,12.1427693428079,,0
9.14254990551067,,,9.98415953894279,10.6077140017657,9.82839886442665,9.76329907532235,9.93458625412522,9.29871831290543,11.4052910909707,9.99714494862554,,9.11864558726955,,10.6550824077712,,,10.188290471407,5.73170288929542,9.4434083958842,,10.6967573537919,,,11.9009321906679,12.836381504685,,11.2580776345062,10.5347738155923,9.97611599684437,,10.5886627488437,,0
8.77223662143993,,9.98851057273442,10.5368887463569,10.9685534606699,10.0602093679167,9.72302408632747,11.2198426852262,8.10824248874038,10.7312744252906,10.3533456708613,9.49698712856699,8.95733080953697,10.7474033701516,,10.6877176231425,10.2275767872929,10.5055613298751,7.99433083264765,,8.67790547132081,10.6384348797208,9.61949448900528,9.95393548384514,10.8996715254119,12.8369435289488,,11.4006786636735,10.9675230013589,10.0746405084615,9.66629963971448,9.52766299255442,9.09007823999091,0
,9.03448089212214,,11.5093939681917,11.5985289472748,10.1799479096986,9.41712333680878,10.9058755553055,,12.2054341735047,10.8817498364411,9.47632571115524,,11.1919621903765,,11.277016552357,9.98570376535059,10.6157243949764,8.68560613548221,,9.21045698919262,11.5433046941189,,10.444042488308,12.0957835323798,13.2227103599057,,,11.0828666769353,10.4192704130176,,,9.86878342967893,0
,8.48183500283615,9.54278126554923,10.0669013946147,10.7223037514024,,9.73344598460722,10.8576581890721,9.23451671116215,12.0492124263394,9.39297242747405,,8.90212941438394,10.3522321526006,10.7030032747955,10.7070665052112,9.69474233913191,9.39857794296913,8.24424411303885,,,10.9532865804364,7.58948818213487,9.88064141310775,11.7179695329869,13.1029046402479,9.88176045450796,11.6598244365662,10.8688080433336,10.3258544497496,,10.2668545013194,9.61765375511361,0
9.6954888962391,9.71447794852481,10.3647064811748,,11.1024818944911,,11.2050561545861,11.8776753176007,9.88486815888146,12.155781396706,10.6762970148159,,,,11.4190340536056,11.4136522800008,,,9.53586940680803,,10.2335719011744,12.3111622389922,10.4640801267761,11.0923265999029,12.0721096335782,14.8018201737747,10.6824593973667,12.1083999162314,11.9097725157591,,11.0938012781182,10.4223895610422,11.0892304865216,0
,,10.0448072451734,,11.198167094326,,10.1280897229832,10.8656222856438,9.51721251217117,12.0642052320573,10.9887691084929,10.0983923013016,9.57445224931399,10.7275482498994,11.7210476256079,11.5219994695124,10.4383243148756,10.7263444137557,8.38263299871389,,8.90566632937402,11.1743594062788,10.5299332614964,10.1692454515958,11.3581260241881,14.659019246791,,11.6234241951743,,,7.9595564743975,10.6632799590833,10.7658633635115,0
,10.2411645962153,11.1228393210905,11.3584325404713,11.8660363508642,11.1906843540458,11.0841461343349,12.3801690113978,10.3477971787579,12.4863390557554,11.3507393060284,10.4657948132762,10.6843152211711,12.1327301533459,11.6309013599749,11.700296678177,10.7251858823683,,,11.1851582708346,10.3285028445994,12.1775850082775,10.1889656034205,10.9541401905,11.8117581863843,14.1554130881659,12.5157041468146,,11.736446206651,11.0918408369504,10.6645785028645,10.7943609442866,11.2110074243782,0
,9.60984874150281,10.2460978844944,11.5250912472986,12.1165798711251,10.9167883486721,10.219609875218,11.5808538783109,,11.873202098226,11.0832497353884,10.4913843916918,10.4111755839165,12.0621480718241,11.6101248102978,11.3418269396979,10.2495915152336,,8.93488154236232,11.216576251587,,11.4968938176195,,10.5147708454822,11.7211691146584,13.3182518864704,11.3192252113555,12.4231877383073,11.8204258618648,11.0046767660734,10.7924265687178,11.7050353833033,10.0007873221731,0
9.97867389385591,8.65725184577209,10.1605717536647,11.0267578441709,,10.245613513353,,,9.75877246970011,11.5405403181756,9.6753185302921,,,,,11.3220441249029,8.69137611890067,,,10.1370540788385,,11.5404436553052,,10.3775414856241,11.3222223644001,14.0600175439464,10.359267242232,11.0391012535381,10.9586647712927,11.0477670652711,9.11546678752856,,10.0083586163073,0
,8.2452004552123,,10.2104755182596,10.3323790001138,10.4157748872559,10.1246391024321,,9.9050081593899,11.2359438245639,9.95756954989106,10.488144701273,9.62169194599508,11.8677460945432,,8.9416265363973,,9.31305683782768,8.06870600352631,10.7217600646807,9.99796691256344,10.1991313765826,,,11.5421041866269,9.04681463770324,,10.2668186021911,11.0161821243795,9.70757732163509,8.57162848215782,7.98837334110623,10.4253145023925,0
9.42595912448538,9.06060792373412,,10.6707085462482,,10.1148945229012,9.98962670375197,11.0654733655386,8.95361491013654,11.4617460869618,10.2358132033676,8.96128277684594,9.05162119215717,10.1827766290434,11.0144972505089,11.2768983311285,9.45546954112572,9.70708158179592,8.84400627700707,9.96846930839302,8.81803158336473,10.8472014870713,8.32555187860189,9.78469305146257,10.8315329778325,,,11.2246195813284,10.6837424829356,10.0723254625255,,,9.68608437266881,0
10.7746645547658,,11.1425453669748,12.0412836856885,12.1844667557765,11.0723642293043,10.6716936490966,12.3444912733368,9.87488203853904,12.9969936069878,11.0250131898542,,,,12.3045536943804,11.75302021398,,11.6283188671128,9.44610749965202,11.1522580547158,10.2204902054268,12.2735138275802,10.1003988567517,,,14.0678668646765,11.544147804184,12.7759467490743,12.3876281289207,,10.1563585829997,11.090941709683,10.5479569838491,0
,9.54784851823337,10.7798628987363,11.285099187571,11.1987525018275,10.8592412163036,10.627584625547,10.9440220263728,,11.2397048606725,11.1174282030267,,10.3010391371783,11.7241596147974,11.3726587954668,,,10.5962543812855,9.27638557949378,11.1054308984906,,11.4593607010618,10.8370304089772,,11.4217932810535,13.5352548337842,11.0829738044584,11.7032235992685,,10.6364320055966,12.1551798340409,,9.89699735189903,0
9.7663245454223,,9.33753544693242,,11.4255384902866,10.5361862437933,9.97605456410743,11.683228505255,,11.9795306085803,10.8266827911173,,9.86086753858396,11.1144195320817,11.6146034647371,11.2903477213023,9.94845786587283,,8.37725910541579,10.3550004097397,9.49754990634802,11.4148751269605,9.13284213204424,10.3389130782469,11.392866864259,14.3358255833357,10.1201821500569,12.0460004480354,,,8.46584234291377,11.0747613093657,10.381863677004,0
10.5297997510251,9.46180246648838,11.3533723010548,12.3261653198118,12.3388427037842,11.3022146468984,11.4756339642887,12.8617376854783,10.2865789397978,13.2474494775695,12.0678104424758,11.2648983503673,10.9014037334366,12.5041445797004,12.354896141185,,10.816611108997,,,,10.6093479142987,12.0172330869344,11.735175098853,,12.1637978352948,14.435081411568,12.1178941362669,12.7163261272792,12.4173923294966,,10.4853113754681,11.8812321077415,,0
8.50414038148755,,9.76152487689631,,,9.66342147754387,9.65995013166616,10.4492774254805,9.01176017910246,9.63137230510992,9.31050050405661,8.46371460007412,,10.0937005107593,10.2449520622407,10.3051234314429,9.84602409980196,8.8967054930061,,9.36482723034752,,,8.58555640310959,9.53324433479716,11.6615980782768,12.1693366303916,9.58872665659132,10.2728217021423,10.5135492453789,9.84951024986042,,,8.46036781664207,0
9.40484036123458,8.48771659251113,10.5967168955906,11.4052934000447,11.6415345209949,10.5841684484015,10.636274418529,12.0395694808149,9.7309628938608,12.5377414892056,,10.5413869100329,10.6983999937272,11.5061131383944,,12.0342921430899,10.531630049225,10.5587807165594,8.55218452521455,,,,8.25204940380684,10.2778020354028,11.9002339791487,14.1044473974006,,11.4306081555267,,11.0728724328438,,11.2946438506295,10.443320060592,0
8.98181272579629,,,10.8619394910629,10.9276472469947,10.0065212525938,9.83849320750233,11.0135108188565,9.99017029612319,11.72820385568,,9.65414001131656,9.60492901067142,10.9519827700496,10.5932665368302,,9.76436808509299,9.71607627923556,8.01185705927675,9.46863234376236,8.39118912332548,,9.55617235111061,,11.3508166505373,13.1958841712534,10.8532329470239,11.5982502527864,10.6660830424834,10.3579651283254,9.36087325206772,11.4480994644203,9.52949511830084,0
10.1194322944078,8.36106879601373,,11.0341513565423,10.9285732663116,9.75945155957927,9.71494416864654,,7.53202608948088,11.7942792448356,10.1293232758312,,9.48636002585277,10.8878696899685,10.9991896702858,10.8578251551084,,10.6710441786889,8.30467591638963,9.87467274723149,9.21624951004923,11.0789123792044,8.62209208697342,,11.3368635040093,12.5363287935569,,11.9012482610699,10.9611595842551,,,10.1785732716306,10.0232709166951,0
9.01091747825225,,10.3032370280028,10.6101319742797,10.9561293734071,9.78594720893171,9.55874464328169,10.747385237577,9.30701623539937,,10.6135177196063,9.55601870809961,9.15936272387582,10.5271577692234,10.6819680871772,10.8209297417051,,9.6665269877758,,,9.23531030845275,,,10.4529047533987,12.1545257450412,13.4514551992552,9.90581462378365,11.1006175201916,,10.1901445550395,8.92962279746215,10.6438634061125,9.07213115577343,0
9.67404134045117,9.51938202198677,,11.0025659478826,11.4195090664437,10.6140126079094,9.96870969250926,,8.21809920446925,11.1747413922836,10.7967619894244,10.125435277434,10.0105025725077,10.4677667316944,,11.5352481477392,10.3974522735165,,8.89966639803713,10.4201274055217,,11.3086285578248,9.88896141269793,10.5311012279066,11.4386986006143,13.5252811898992,11.0376155803576,12.205947728378,10.9560811674238,10.4384543657317,10.9178565422978,10.3692561417961,10.2046178844754,0
10.5573960581279,10.0476645535733,10.8472609315038,,11.791150724173,11.228814987027,,11.9840783097529,11.3385757206159,12.5958888083152,10.9954110438842,,10.3908361661833,11.9957557625901,,,10.4522546984894,,9.57845296453876,11.0375787645659,9.59199335489101,11.5710972515094,,11.0888798663749,12.2076040987653,14.3923385012806,,12.3534061092649,,11.3571188448519,11.1561582757369,10.4013233631294,,0
9.53785196758887,,,10.5694729319769,11.2329926893702,,9.85989847071209,10.5922236159983,8.88816042398654,11.0700393575865,9.93040091971887,9.46972283861077,,11.1705600635315,10.484539020017,,,,8.57559319864006,10.0757756711148,,11.2572763683669,9.8280207237327,9.50937737343529,,12.8463327975487,,10.1682280565819,,10.0253287615586,9.2675947160242,9.86465208458991,10.0022932060827,0
9.90788186353631,10.6271858314865,11.9182285308725,11.7809672845436,12.0683759412313,11.0374169797516,11.0426867224103,,,12.1785307180985,10.9478657663621,10.9156586948649,10.668087205046,11.1360808723899,12.0109198326603,,10.9482791503638,11.2712320009673,,10.711029406215,9.99031045358932,12.2007008051039,9.76065313299299,10.7192678966755,,14.807891189151,10.9261272822614,,,11.3118142196281,10.2041036066939,,,0
9.46821248691528,9.1911094490958,9.67773857510113,11.3157859286261,11.366506544965,9.79911662306527,9.85593559835316,10.532197522743,10.2417487930585,11.8151064880146,,9.70254100669466,,10.6405897248537,11.4309735155711,11.5343341940253,10.6044015349522,9.75535567430152,8.5019035948276,9.99715667138531,,,,10.643636308289,10.6443813135384,13.285079038939,10.725505277372,12.1199623628811,10.848546081973,10.5296958211451,10.4193096326576,10.3803549418817,,0
9.53249156925243,9.57936594612886,9.36221731974148,11.031595100087,11.6349371403539,10.3267762317323,9.95996136053931,11.0660102240839,9.42492378579828,12.3670448391451,10.4380646452385,,10.3195247752357,11.7415997779968,,,,10.4676377217577,,,,11.1700859113509,,11.0330023695278,12.1210045358528,13.6952396893298,11.0139300999499,,11.7454630095813,10.8879815338272,9.95292458615314,10.8877597364051,,0
10.2088060037758,,10.5321728811315,11.696317814469,11.4581058465261,10.9246609125947,10.6578312762232,,,12.2923397360315,,10.3683105794275,,,11.9495151931828,11.1641761473638,10.629972821244,10.6230200125436,,,9.87978002272322,11.2098523534367,11.2248011831224,,12.0841569394854,13.4739300587475,11.462789359802,11.6071240366799,11.6258321140152,11.0974920436349,,10.1358008223437,,0
10.0816319597843,10.1295860068604,10.3057965619128,11.6812611731008,11.6895653461125,10.6642422824332,10.2706817308478,11.6158284895267,,11.7620291410251,10.8034106606291,10.0997769917714,10.0265621688421,11.4400471474908,11.4263138668829,10.863030175523,9.92071558749615,10.8164624494273,9.14288326715362,11.0613948909661,9.8630597468696,11.2635363790525,,10.5157024543741,11.292507461327,12.4809078297815,11.2637932852981,11.7470489812184,11.5758263376382,10.9922922779542,9.03285651659884,,,0
8.94304914331733,8.72958155353099,9.88749610488953,10.9217616835496,10.9347356419559,9.90678609211735,,11.4208837939382,8.0602151980775,10.8779611701292,10.3832901709679,9.18784304308251,9.50458249975361,10.8783800654505,,10.5823499815823,9.27386777954058,10.8533633458525,8.76167928251062,10.4105660122568,,11.2918278730749,9.16290559158722,10.1579598268608,11.127526465798,13.6329702331042,,11.4301981014129,,10.2403892558775,,,9.25339163554674,0
11.0678012712899,10.8030027313463,11.7954802821427,11.257960911435,12.0761431688758,,11.3750425412451,12.4336718867234,11.7567204872034,11.8387159930763,11.9234926595612,12.1713876174997,11.4783536959731,11.7758111807565,12.3001537323846,11.835074797848,10.9728110466028,11.8546576841708,,,,12.5111887310717,11.254679066672,11.7996186538675,12.61097821435,13.5167488139081,11.4029660683635,,12.7594365753232,11.7415306978984,11.5451472726188,13.0260285119128,11.7332659093982,0
10.98423821005,10.3386974484256,11.5604777530553,11.8343014932277,12.1914695151782,11.5443704604452,11.3116036572422,,10.1893854635352,12.9755263754128,11.6846980710171,10.6956513684502,11.0579186686148,12.731908968212,12.7317954237819,12.4033019582813,11.4714426865392,11.717363457826,10.0163019452145,11.5629020291128,10.2965838237554,,11.4740849814215,11.5556297460519,12.7965974815905,15.0172923628012,12.2320641858186,12.6762142676097,12.3682724936523,11.7934813085401,9.44438968941467,10.9109190745678,11.0482643122016,0
,9.88669669166254,10.496606955612,,12.2394108016326,10.8352340917323,10.372584163552,,9.7690102901177,11.8018774812087,10.8968219443269,10.4587208914471,10.6694387994771,12.1720874149367,12.1467341501942,11.2463694186016,10.2272367196966,11.1746119501144,9.45143261333039,,,11.8249136588876,9.92143247636762,10.7265310339438,12.2114179037751,13.7620979111165,,12.2509919665774,12.04551444965,,9.14658717172684,11.7598111324099,11.1231127773629,0
10.8700794299516,,,11.5764011450019,12.098043101401,11.0067347695127,11.0593992978541,11.5982777690147,10.4585502103094,12.1280964437713,11.357658811597,,10.8059541065511,12.3513123520476,,11.5829573211967,10.6284571750114,11.0868556335403,9.59632672790469,11.9200778692697,,,11.47864813735,10.9700652735441,12.1381042040975,14.4745646720569,11.2527958392338,11.7589868551425,11.7241068124608,11.1908427644964,9.60956621815087,11.4296783556662,10.5749402077767,0
10.5993219327074,10.5672220818302,11.8585407090042,11.7573910650912,12.2247519882331,,11.3399972558709,11.7699929745945,,,,11.1481489599356,10.8088384274442,12.6033662639832,12.3742178902806,12.3773446154512,11.6872691544439,10.6581526599222,,11.5461791217907,10.4275895275984,12.4080115314196,,11.8715281641704,12.7675410081553,14.6992089775009,11.8822097907247,12.6843807154263,,11.5206340564079,,12.265937852838,10.9011981414596,0
,8.8551111184744,9.00559322118618,10.3663099405532,10.9915623478795,,,9.86356227632009,8.70480474758685,11.4175689407017,9.56134224600501,9.18459272615425,,10.4414021229452,10.5468841839378,10.9778088403439,9.63805662419839,,,9.75220551061272,9.04874303084788,10.5749069649908,8.24420558191403,10.3534683047138,11.4129871799022,13.873640430165,10.8292899789925,,,,9.35783711718492,10.2305559101008,,0
,7.91355273648061,9.48345869591545,,10.87884914668,9.6728167587319,9.55254174999112,,9.3544739536285,,9.75657288399757,,,,10.9041809587595,11.0001299371463,8.40146816793824,10.3983730165448,8.06043328750222,,,,,10.12891622638,10.7989774214717,13.2331051492564,,10.8931703770298,10.7612569073342,10.6660581605213,,8.82636843084827,9.70134727334311,0
,,,10.8675668200973,10.3226262261327,10.2823059408203,,,,11.2565562089579,9.27577817713028,10.7524953711984,10.0820612082457,11.5708092174923,10.0396765607967,,,11.7122514648708,8.49672616023807,,,10.6834563633243,,10.5665508748075,11.0222523505915,,9.93004205254538,,10.2543765404542,10.5690578306665,9.05177998166602,10.100669191452,8.69138812526247,0
,,10.5502096425134,10.8486489770121,10.9142056118718,10.418861684369,9.23102867237702,11.4138481929276,,11.4865053025305,,9.52535091609391,,11.4880114530582,11.4574967292623,11.5162823274233,9.555823869021,11.0919892343884,8.06127909724212,10.6264721902148,9.38165010514534,11.467303384686,,10.1062610711947,11.8128477404813,14.4827923083087,9.99742990028107,,11.0693184020555,10.0115194078455,,,10.6229623674061,0
10.0687575926906,,,10.8264429453454,10.8274493062379,10.4148247675402,,10.8375630618115,10.7353813311309,11.4786625646234,10.9159867850527,,9.74088466816549,,,11.1256564896843,9.9112677518808,10.2401957618009,8.88455007886532,10.9659037183092,9.14494631520183,,10.5886061929083,11.2534317048559,11.8757436588654,13.1227940625901,10.3397341517128,11.3783189492331,10.9410613339268,10.4697443904485,10.9576314369829,10.2907191848639,,0
10.5856394646255,9.62806743233356,10.235566270726,,11.2783984786844,,10.566397456828,11.9224582002482,,11.40678213309,11.5111637292623,10.0592533344876,10.348474740995,12.108663624023,,11.3742811635235,,10.6620791984282,9.39659676869149,11.2999011783413,10.0208675649775,11.6952599833064,9.95793119105535,10.9406095989223,11.9545066783051,13.5130909321401,10.1122906137206,12.1540725566564,11.1934965671643,10.9199689792874,9.09428451255153,,,0
10.0549125946998,10.1535430019475,10.4021183540816,,11.8695849619895,10.639862401555,10.697669795368,11.6339139115381,9.47669130535283,11.5286146365301,,,10.2457931827276,12.5128847051045,,11.6761550625138,10.603600628121,10.6158997731222,,11.1668071419121,9.97971495147583,12.1139113670827,11.1061791559115,11.2412460739789,12.1055111230162,13.4100866253456,11.6660445597151,12.3703349286705,12.0500095521498,11.0485203955657,,11.6096530148581,10.7554930352838,0
9.97377028577717,,10.2399985301786,11.3303560460471,,11.1276418622163,10.5795400749486,11.4597567698511,,11.9784720809583,10.7493328595846,10.4732728575294,10.5980865273261,12.3151896837169,11.9430998424966,11.041366662397,10.2048358506566,10.8681692081571,9.42969541609643,10.9955603988838,10.4167978902614,11.5283016288401,9.70513904629681,10.6816551382274,11.8572685817103,13.6622108905097,10.6282443234862,12.2366159422025,12.1303985366157,10.9161989055689,,11.619182079434,10.7085901071262,0
10.3383018078182,,10.4138472254165,11.8683700767992,11.5896344544748,11.2805691841012,,12.261758043449,8.83802082086706,11.6172777775913,11.1485395599617,10.2806230520084,10.6579057093758,,11.4627727850969,11.5159954876684,10.70787044141,10.9393140719985,,10.8385391956445,9.88621499175469,11.434165454383,10.2857858481898,10.8263963308969,11.8784386470798,13.7654647202656,11.5436157695334,11.8276351520471,11.8787315844032,10.9041452732937,10.095831097648,,11.5430958941206,0
9.47357549840909,7.52705989111467,8.45321282888206,,9.64995195128922,9.14184489442268,8.36137720432374,,,,,8.60326987489284,,11.5279015817396,,7.97397187715136,7.96367485106599,9.25873294225307,,9.20766212590313,8.76079232726372,9.76818065418154,7.27048993201529,,10.9360113606908,,7.68899749568864,9.3962895132323,,8.45019836863096,7.35142934603294,9.15985266979058,,0
10.7686551256739,10.8799276637773,11.4219413178861,11.8715593360073,12.1357703475695,11.1911989337757,,,11.9535718892049,12.3913519799219,11.1583885030766,,10.7604108161819,,,11.7358445343476,10.4490576579518,,8.94576752059845,11.0274735656391,9.84974279926771,11.7009710916234,,10.4293399332416,11.8860864106592,14.4190738935994,11.2209968923363,11.9849034605837,11.5829972482465,11.3212841255446,11.0387075725517,10.4446043776385,11.4546051951324,0
10.2807830192041,10.8229558751459,11.6124593341642,11.7066630174786,12.1146426809694,,,13.0357728955033,10.8712430241534,12.0402782162666,,10.941685652114,10.8734747802284,11.8849880002257,11.9817769803393,11.9909952599822,11.0422971950851,11.2121921790973,8.9096308338659,11.3783674607417,10.5909200878291,12.334037468597,,11.3608219949584,12.1214106888333,14.7219405275908,11.5529128282601,12.8883386408756,12.3537886982734,11.3936662976625,9.82666998707954,,,0
8.41883519505268,,9.16636097247133,10.0429724036142,10.5370797564457,,9.06089502788222,9.62881470871073,,11.1839633890045,9.63198295901972,8.73921813021412,8.93533436605642,10.0555967552511,10.2837250430363,10.2994859808791,9.17930309701504,,,9.32181171625467,,10.6399096450831,8.4825648071587,9.29890531835746,,12.866233271956,9.79682696875432,10.6469191090181,10.0908650430373,9.95751910619161,,8.78444868406116,9.05266620933908,0
,8.49972342566806,9.91937069111479,10.7851787866418,11.8888722035461,10.058176460228,,10.6851797491122,7.46905393546349,,10.4228625445186,,9.83541087849301,,10.9525861087841,11.2791063647822,,10.8725757164826,,10.1258117389943,,11.6185741932508,,10.2586630519538,11.2437137145791,13.1645908133776,10.6092695006635,11.8084854469517,,10.6405115656215,,,9.25020482637747,0
,8.68707772457573,9.17032131744668,10.0398862533458,10.4749600642633,9.35671261566361,9.23301091437042,9.87262813536398,,10.8762225296035,,,8.85025215556618,,10.4086655338932,10.3418473047197,9.14303027319974,9.48831705423715,,9.21727604079981,,9.9302619665388,,,10.2948463578709,,,,9.69868879129442,9.6942308594073,7.5121008359713,9.78478152884858,8.69694599775765,0
,8.46708154237195,9.10531547691449,10.3247801320235,11.1043225019151,9.76890470902246,9.27580274318203,10.2863655972276,,11.1892320282341,,,9.37796430324958,10.0900370956057,11.044957991169,10.9173564027161,9.65350021724369,,7.89522374335347,,8.59625546084347,11.4161619946906,7.93110325943279,,10.8719409875502,13.5902077385567,8.97628884290994,10.0861115595887,10.6273727284323,10.1974506180028,,10.218643062575,,0
10.0308561450258,9.87795959428531,10.2062217712258,,11.8043243388052,,10.136473335909,10.9023650843664,,12.0837403149725,,9.92051128164259,9.93302500623205,11.1068041088526,11.4350567127068,11.4450358618861,9.84202042839663,11.0003482647646,,10.1668178306507,8.90065372234233,11.6038765795392,8.70565500332292,10.3258011007179,,,10.8456518796665,12.0938791365467,11.4705709058005,11.1639995167524,9.64830634488245,9.47240146010375,,0
10.152132921436,,10.143918197855,11.9631722302127,11.8450110055166,10.3365052578974,10.5424105936637,11.1031980284742,9.15585697165473,12.2600131503557,11.1649764949018,10.2893560006664,,11.3668639766479,11.5880564155597,11.5238817365716,10.3439129673756,10.8167008567769,8.7506399111837,,9.7821945048793,12.1458759423509,,10.7082250106112,11.0962146184293,14.3520479946441,,12.2624036331498,11.2660981117852,,,12.0805473502737,,0
10.1586481821268,,10.6756078682842,11.7290410360721,11.8753445478396,10.7615672413327,10.5121694725218,11.5509792832699,9.89672931201469,,11.4448449959762,,10.6176390759585,12.3187831002996,11.5380649937226,11.367979936565,11.2216420519703,11.0554296132661,9.33477302515668,11.0741799615903,,12.0459792576393,,10.9167950651057,12.0022411700962,14.5227103951897,11.6311329063719,12.1817809450589,11.9660203400747,11.2239124671662,9.87012209270473,11.2310470269107,10.9923057819152,0
9.76174416759924,9.36794093694143,9.93273992434105,10.8365848899098,10.8450073673934,10.4167682732794,10.1939971819223,11.0902711131488,10.2451198927436,,10.2740411329138,,,11.2779195392426,,10.8318188981743,10.3055997544625,10.4895642058628,,10.6255926889288,9.13654475494971,10.6156559267594,9.79964239286314,9.90311305519134,,13.4903605253005,10.0567544941124,11.4310298719461,11.5276734772185,,9.35591060254169,10.0233201270711,,0
10.0167929372855,9.04564876734567,,11.3202472166844,11.5906154731713,10.462308448994,10.2680047072687,11.1397060945194,9.063827328321,11.9120866945011,10.4186289485983,9.64301877048963,9.82785918769394,10.704433476445,,11.0130439992239,9.33125487281951,10.8664305249219,8.93673201906002,,9.08115321300497,,,10.4565583495394,11.4761505857119,13.8872626203297,,9.96039812694599,11.5203510070401,,,9.80370427787084,10.4861849476685,0
8.7008101504233,8.34372097510829,10.0487009408246,10.3839096292545,10.4710587040381,,9.95450264765643,10.4948082821502,10.1062868903774,10.138961004796,9.7448239243321,9.02777296324764,9.17335563426895,11.1068570197438,10.2941515916728,10.471801895187,10.0591287009144,10.1742450555147,,9.97675237392741,8.88939985567963,,8.9979000480013,10.2437609665171,11.3151306877446,13.4608716943142,9.80711944746666,10.7313460152998,,10.2467017962523,,9.26396557632676,9.21991777397175,0
11.2211557838078,11.372919022241,11.9502908936062,,12.2441280885146,11.7330370587858,11.4833101116123,12.1988361598367,9.93771074761377,12.8516441170045,11.7967683569196,11.06718946589,,,12.3496322289256,11.4046518987934,10.1126373655093,11.5307257027974,,11.7232379267302,11.5667482811516,12.0339170774128,,11.4718353890683,13.3482450960782,14.8800385029717,11.5627785119511,12.1622361155865,12.5666273895509,,10.7384989654146,11.6406240046812,10.7488485261434,0
9.50648915393333,8.60245212116044,10.0878512222414,,10.2175257426706,9.49795680489905,,10.5949460610345,,10.2848993324764,9.69500893568635,9.72199249206417,10.1535488324825,10.9258875612574,,10.3647811443833,9.07300543572967,10.0183586364622,7.89083284187283,9.19893988089319,8.84845786163695,,9.29317685757827,9.53698028682497,,13.3763394075408,9.44277609238882,,10.623285682235,10.0717294031898,9.61869227639222,9.72022713666108,9.96967835381519,0
8.54290078170912,,9.68605495782887,10.817635550312,10.6302571596007,10.0862406915618,9.97930598947341,,9.17956981805103,10.4264894476799,10.0940221229454,9.34555722740698,9.62372634622684,,10.8098882782292,,10.1902540700502,,,9.8513625218339,8.61725091665,10.7912259228224,,10.5468277145119,11.0145693310041,13.7603610220965,10.5870348302055,11.6185588034102,10.2017982028509,10.0070719791873,7.82473655757821,10.2024607097402,,0
9.807049546763,8.91185211449387,10.1352715982852,11.0616859407101,11.6522805726039,10.2910253187531,10.0070428586181,11.5066501522111,10.0221244807733,11.3865803691564,,9.95606051792274,9.96312230897067,11.0398728778838,11.0351224182983,11.3854390174187,,10.1420027995202,8.11181274555716,10.5251401386894,,11.3529903508608,6.51023970849306,10.7750060821548,11.2225980340721,13.3388731299039,11.0310704542557,11.3286962317756,11.0744028352772,,9.0061620147279,11.2422587553454,9.08459395222055,0
10.0209333557079,9.29668403692285,11.0353417329785,11.2408984066735,11.4080387430357,10.563748765081,9.96533472519382,,9.68609304961216,11.4752075263792,10.041763427246,10.527959677511,,11.3790035320856,11.1727493354006,10.4653467886705,9.59079877250109,,,10.0631043013626,,11.5203290852516,10.3162926202429,10.2051460770904,12.3636009268078,12.0676773461956,10.3816801563233,11.6424846886162,11.7080737303947,10.3142368161712,10.1311394205854,,10.4239075491682,0
,,,,10.7554543260549,9.60080480025849,9.66361479851227,10.7691127768112,,10.758111595727,10.3753140543123,9.40350832404193,,10.4859792040189,10.3197534040577,10.4122492055562,9.39258051475172,10.2426929405374,7.93034534181071,,,10.7899874129329,,9.87109946793985,11.4214518180216,,,11.0525771757986,,9.93416816968108,8.58400004542342,,9.34913391678501,0
9.47446429504625,8.80676676755349,9.90877556470818,10.5137179184603,10.8337010453757,,9.87553918893668,10.2723863385784,9.10216548139371,11.521099870343,9.81832727301182,,9.96138777614213,10.811199525143,10.7737497914245,10.543069774875,,,8.56783104934907,9.57085775839507,8.98724935274504,11.0113648382877,,10.1054394664735,11.5478949350539,13.4822452958153,9.78855773105212,11.1552437304342,,,9.23497710748656,10.9853704870784,,0
10.7067330413593,,8.89817363752353,,10.3245292474829,9.96361256549456,,,9.47001441715324,11.9893093272198,10.2987025567738,,10.1152365147143,12.314036664402,10.7588144561725,10.0745128217628,,10.3420191397169,,,10.1565929218528,10.5796747325006,8.49324799966624,10.1595290976572,11.74148176704,14.0950022933912,9.79386322519021,,10.4374139343198,10.3229317859696,9.95355489649354,9.91264404345413,8.88199886120715,0
10.3761713041988,,10.2931940529904,11.5358502209004,,10.7372793744017,10.9550049678533,12.0666514751911,,12.1134389634191,,,10.3714005099443,,11.2013227235402,11.4170497049748,9.90753766292315,10.7633270575878,9.08161429221902,11.0012571465381,,,,10.7798208939864,12.5564228508531,14.1785131131851,9.99648566569125,,12.0970368877104,11.2005112880855,,11.1593442309393,10.6604014265021,0
,,11.7436165390672,12.420193663673,,11.213337552682,11.1494243038549,12.6453816116084,10.5259025126442,12.4592766709343,11.8039542872504,11.2458930615688,11.2250203957121,,12.3530614491527,12.1473191640591,10.9864458863494,11.3161475363624,9.36363334700766,,10.9047333821464,12.4463178837742,,11.3650982793503,12.0920990820932,14.2263134151042,11.5193109571996,12.6198509528974,12.2462569751881,11.6221818701281,11.0855572297508,12.0108345232672,11.2720813362505,0
,10.1679682819592,11.7779129030366,10.9207213066285,10.9060100507071,10.3351222705934,10.6346922575821,11.5535778888733,,,10.2963100750119,,9.73944842920004,11.0241000083413,11.6169699034225,11.6102051011456,10.7714308309384,10.9540973622292,,10.3195860354711,9.51595128493257,,9.69354826526207,10.4955590672979,11.2711603681589,13.4827044091194,10.3786368679372,10.5318472247307,11.7529785430346,10.405871186451,9.21909678262091,9.84633679389306,,0
9.65158668435627,10.223385570269,,,11.2664997948671,10.4557194248728,10.0446435091237,11.6380815664227,9.79267543882857,10.8035725069734,10.3930421686072,,9.92500307650437,11.5784626270832,11.2723174659522,10.970818910422,10.244038455164,10.8410670559424,,10.3571200219296,,11.0833295491309,10.0217935085341,10.1448307976904,11.5827609510232,13.4305830070786,10.6492210480199,11.0133090005382,11.2591932367726,10.1917151281813,8.47992076840614,,9.49430456155583,0
9.15754451160158,9.2528916930406,9.94922828945525,10.7916741432374,11.1359374416856,10.0102136457428,9.99981904342071,,,10.3025567378311,10.2254766508016,,9.34715421345101,10.4200801423446,10.6232051221231,,,10.314541934421,8.02652498703384,10.5466076472197,,10.9371686347599,,9.97148899340172,11.2895857030094,12.7004894631598,,10.9988381736749,11.0049324660876,10.4101907480146,,9.32131689396106,,0
10.049305236594,10.0481769859154,,10.769003419656,10.4915284227955,10.9207712407938,10.6054370981863,11.8743564963848,10.6742067227158,,10.3435864336681,,10.5713076157138,12.8308046665405,11.2028157666328,,10.4393241752875,11.3252891341471,,11.0652279833854,9.96559736098857,,10.3453118909648,11.0252548192124,11.5573972935743,13.3234720638701,,11.8663223885644,11.8146243615638,10.3142574891504,11.4439293947701,10.6956119661207,10.0555354920032,0
,10.6370166695552,10.7583641472169,,12.2353876233394,11.3022966348147,10.927808427218,12.0264062058435,10.8705960430341,12.1193684732833,11.3732008011444,11.0434554339522,,,,11.8059137476943,11.2420850831451,,9.30625812050073,11.0106409442489,10.0028201751902,11.6822146197948,11.6046283843477,11.0483162103505,11.8531865992643,14.5731150523248,11.5629792803168,12.5472061511862,12.0812181447579,11.1810024021387,,11.2315329061703,11.5171499334854,0
,,,,9.14788985442808,,,9.51638871458431,8.35740233882268,9.08909934904509,8.66494309215777,7.20411222106804,,8.66419881875217,,8.75343628730613,,8.92708938482921,7.01174346356308,8.04880827065314,7.58667562879307,,,8.7606226587667,9.44085457306959,11.6843483608312,,,9.51210985270105,,6.95451082702481,8.29221930122994,7.8772083350685,0
8.30009456359994,8.28068352486962,8.92294636703001,,10.8641867856842,9.40452730455136,9.23226705139095,10.2337443892198,,10.9940317532738,9.33197894336163,8.62090541417524,8.50209403460761,9.81919977465853,10.7084963929746,11.284461964615,9.55515628011325,10.3024466255159,8.10974388113175,9.71351232795623,8.70558440927138,11.1735588920276,,,,13.9605955427618,9.62855967230019,9.85890618948693,,10.2766642864777,6.89797721167481,9.42944641375989,8.97201351288939,0
9.16812798812584,,9.05675598424634,9.26270957642238,,,8.87634221424446,10.220322168193,7.78307331346942,11.5322649732811,,,8.91594615030395,9.71723152088405,9.8901279040333,10.027861579447,8.81262678659516,9.17648475585294,7.7193659955087,,8.71251273876802,10.7618012181894,8.45994129114423,9.38297243766227,,,9.71324696477602,10.7712590767502,10.4152087892914,9.34211221015178,8.53428545169601,9.08306683665416,,0
9.00034476196427,,,10.8269466343271,11.0826357492916,,9.7785913990671,,,10.9175509856768,,9.49124596314168,,11.6380702481341,,,,,,10.1054760416761,8.79280824719871,11.2744145744252,,10.5070380793531,11.4512360750826,13.8541400169659,10.5950547580966,11.787941410028,10.731840992025,10.3971806679359,,,10.098068973012,0
,9.09420700228208,9.69613947167391,11.6173427701056,11.2044963947116,10.4880963611578,9.66393447307063,11.0174305626596,9.64400372276207,12.147824838009,10.3525071601502,,10.2794570130062,11.3958972206629,10.8350535193885,11.0566283886976,9.68334277148747,10.642890783807,,10.3568872745765,9.68409136535863,11.1796533504889,9.47144181642522,10.2345262905153,13.5424125325785,13.4594485142793,,11.2910210143187,10.8112800068704,10.3290529711209,9.43779725449419,10.5741084826283,,0
9.66809635948064,10.2029782852348,10.7996436929571,11.4676266577601,11.7898462042431,10.4646326630664,10.344587209608,,,12.1668600706086,11.1396935963093,9.97153195885499,10.3956159513405,10.9077740557579,11.574611168511,11.8948414275625,10.2619344397662,,,10.2340750156689,10.4186647747734,11.6923664861441,9.97134115526961,10.6112322117481,,13.2555935101001,10.6741060753278,12.6164027494937,11.7853502268937,10.7776678399588,,11.8655406686223,9.90319661482714,0
9.10284004905718,8.55908379414298,,10.8844909922349,11.2083549315415,10.360507703525,,,9.09158915698923,11.8205435155896,,9.27458975017693,9.23085658873079,11.0207814672648,11.1227737303271,11.169988858676,9.01656766742352,,8.32680657985343,,9.12032467238549,11.3658415221497,8.6648145670693,,11.1684390033629,13.0666768344942,9.64278143242028,11.0937233342427,10.9173491260968,10.1817571294117,8.63471236655879,11.1380765297469,10.2075037852168,0
7.23386891308585,,9.0005088861283,9.97936727458876,10.1407726496126,,9.10064534761428,,8.23624930539425,10.6673641495025,9.0494726297505,8.54366119477606,,,,,,9.30974671329886,,9.43176942466987,,10.0918165760117,,,9.80115043282422,,8.67914705481527,,9.55482516245006,,,10.2726355833501,8.65426271332115,0
10.4358156848131,9.51227212639296,10.3079885478365,11.2229102891926,11.6933077805309,,10.9402308523969,11.5469580971235,9.79359745609699,12.3926720566654,10.9907731143965,,10.0980108488246,12.2136264580556,11.2966570046711,11.2316645192997,,10.6718928140323,,10.5822006143119,,10.5678634081111,9.72490376336513,11.297265408213,12.9091123522878,14.1218830786277,11.1615885633323,11.9243198489274,11.4190554289525,10.6483251320638,9.85955009502185,10.5034081086528,,0
10.0265244039839,9.83871948380415,10.1681010514612,11.0120314139679,11.1223138075355,10.1489803955999,,,10.0162533438979,11.6091221794947,10.4857739206888,9.57748321162018,9.82801769178406,10.8269509277602,11.3857909463095,11.0153435204274,9.41518163775626,10.8992115765641,8.6993558482982,10.3902900257495,8.54285577952641,11.3886015570135,10.2719099461895,10.0901618034704,11.5781640205463,13.3688850470996,,12.0389454955556,,10.1753202788648,9.61594029321564,10.407111553458,10.070834476641,0
10.1430404973027,8.55937188722667,10.555412896577,10.8039814175685,11.5428593255333,10.3163028263577,,11.3115538239425,8.9898568008367,12.1744324693583,10.2066523437441,10.1566954277156,10.4197268948239,,11.2991362230967,11.2417430759437,,10.8638112418386,,10.3194963808277,9.44068020771787,11.3945600896754,9.03254121196221,10.521423865089,11.6605892570916,13.5671777333084,,11.7966707943984,11.5794760739326,11.1107649058511,9.46657400888789,11.5617675669348,,0
,,9.67641751289653,11.6260165914372,11.2168686059032,10.7049001615945,,11.7029854071729,10.8797765565898,12.084372391375,10.1686335538741,10.7302942143073,11.3386280141938,12.6190289693694,11.3830681565388,11.5812103494536,10.5187924310292,10.9607628413547,,10.7163365812718,10.0416084996055,11.5026435162215,,10.5447824852647,13.1722102279967,14.1673882649421,11.1556075397774,11.6459906399534,11.7322346500222,10.5281761460288,9.73156927266549,10.5497783425312,10.2613809799798,0
,,11.2100344403046,,10.6515373826577,9.98262980614285,10.2806236889857,,8.35416885683865,,,9.87012687298545,9.76866404038123,10.487957617881,11.0373508085129,11.6689341165467,10.1233096629234,10.9835076017636,8.04783216831438,,8.95705429050484,11.6751388291983,8.55507756538387,,,13.325746296601,10.4325132544672,10.6624097948034,10.7247822854779,10.2995030721438,9.54709762904674,9.97677190869129,10.5270738151694,0
,9.31771710016356,,10.8925148506107,11.1338475649142,,9.98732036845846,11.3858721846038,9.45081743387614,,11.0407473044392,,9.73680990268135,10.9899729741582,11.0501796848195,11.2061071159123,10.1508836034663,,8.78340047934483,10.1007196830586,9.42018003284411,11.3238109425489,9.67886723107799,,11.1669591174888,13.7541686399622,10.7458642069058,11.3462813108105,10.6620800398046,10.4846302185307,9.11698915435405,,9.93475243905327,0
,,10.4138960342666,10.4361162714139,,9.66774515090876,9.89051414539813,11.4099189396328,8.32909698177932,10.9536701508406,9.95939851968651,,9.79594374504175,,11.1979481487354,,9.76348173532189,10.1240857970671,,10.1113321208877,9.36688510093518,11.1731969151253,8.63894412034271,10.213422391194,11.2043105823889,13.9600956534036,9.58411071254096,10.8657498665153,10.7168838719801,10.3657379029698,,,9.46225596717661,0
9.87603911221982,,11.4308491921158,11.4227939917098,11.2619628435417,,10.6238498643216,11.9497424142087,10.0768425812948,11.220520172794,10.4623736658221,10.6102547547024,10.9489329140814,,11.4165571131839,11.4126635186037,10.7361357752035,10.4025470141387,8.99590553243052,10.959353166404,,,11.1616795173734,10.9561156238837,11.6604385858133,13.8646402369091,,11.8426963549902,11.6493680808785,10.7174399650162,,,10.1961080076673,0
9.33245136366719,9.46535998423186,9.85457671891611,11.1895395793742,,,,,10.3400805225536,11.6703933559993,,,10.0060237043059,,11.6392744760717,,,,8.55686077978714,10.1130076360553,,,7.67625902330496,,11.5552300014543,13.8033412850947,,12.186789095865,11.5684885483085,10.7576839356027,,,9.84879375331707,0
10.4649379934228,,10.088767825868,11.6267658806088,11.3762168139787,,10.345685664283,11.7642532199627,,12.1970806025074,10.5810167537048,10.6153202432083,,12.4262678220364,11.3498576051607,11.2220825996433,10.0411134374194,10.6916360545516,9.41683593050863,10.8810486278611,9.97207364450518,11.5670579509492,,10.5382910056772,12.0450637346594,13.0091558382513,11.0781595645882,11.5083405582456,11.5563788742964,10.6507130573109,9.01874203645222,10.4664836230387,10.460479285121,0
10.0019268863192,8.77927816353355,10.1620541941841,,,10.1836952583165,,11.1277794873459,9.22792123220742,,11.2158339156041,10.3836583701219,10.1533487455689,11.3066608909393,11.1380431420533,,,,8.84516098510266,,9.50906435335271,11.4793518668481,9.89097966145423,,10.7292940824704,13.5853301026348,11.2807809489481,,11.456861674382,10.8264266172935,9.25646576869416,11.4933870554874,10.5041296057938,0
9.83536129219399,,,10.7157699844564,10.5173136837944,,10.1356279241031,11.6096645949947,,10.4730790675622,10.8783320661408,9.74248209006349,9.79222935698371,11.6677453903687,11.048266858556,10.939333522825,9.78014140505001,10.7920489165583,9.53802179167534,10.1689191933952,9.46886408924111,11.1267379226517,,,11.3169908864726,13.49871827419,9.86824465648159,,,10.4129512965765,8.42118154772722,9.72008251582522,9.42853414722958,0
9.19988285863204,8.3736840763712,,9.99196691937835,10.5781850812061,9.97221316318678,10.0761795808478,10.2775356796205,9.25131068895152,11.6445834495836,9.08050982488974,,,10.8665579008069,,,9.52183305487049,,7.98248084997017,9.69394923754568,,10.5640724630197,9.27811977880127,9.93817352397561,11.0116625275597,12.8358565442719,,10.9433362653131,10.5570060461738,,8.81381315735234,8.42151127837135,,0
9.40883081570277,,9.43506724289661,10.860224852457,10.3121237767028,,9.38993488050158,10.0324005450939,,,10.523530832482,9.17958714285325,9.12254179809147,,10.4915885998787,10.7533305010172,9.83065112453562,,8.50906974629766,9.75004367095086,8.19948298555492,11.1707815343457,,9.86092599640956,10.5445329502344,12.9008973361085,,11.1554051211222,10.4463009361072,,9.33053622710022,9.83105228695235,9.36552228982947,0
9.92892564647448,,10.9995037810389,10.9252625334075,11.4982398328116,10.6867338207813,,11.8439743345921,9.84991230261299,12.0604066411136,11.1441058204075,9.89757273487631,10.0385646249181,,11.8883527530542,11.8382395007733,10.2318595800034,,9.55047811250516,10.5434212650234,9.86952693026849,12.0791904634553,,,11.6896825497151,13.7826705931488,11.4222567680563,12.1615621677756,11.6216341131263,,8.73615806845346,11.3791319566002,,0
,8.76257332075422,,10.0906868661893,9.98921769546299,,,10.6540240095841,9.03434677528942,10.3959781748785,,9.55113776574198,,10.8073120855888,10.9248942181159,10.3717203554552,9.61941091605225,10.4101498830622,,9.61158755398706,8.29391560134226,,,10.2043231387907,11.1448993123302,14.0679717362612,9.9967309920373,10.9642170857239,,,,,,0
9.30644622910666,9.50406245082198,10.2587139439798,11.3766130302908,11.9204929038401,10.1839509960694,10.4060833495782,11.5986549755356,10.0984423652613,,,10.3889450472667,,11.2840063212683,11.336893810179,11.6037975017617,9.97617413720522,,8.23994146670004,10.504912835617,9.76696265498139,11.3932603062345,,,11.7586756311183,,11.2452390046736,12.1693487108847,11.1820246010806,,,11.1024502741886,9.70185172764435,0
,8.59499709874671,9.14511734672733,10.1874300831969,11.0098934888732,9.88315102948344,9.56899872547228,10.6594841587109,8.7097720288931,11.0478740894347,,8.77351179151005,,10.7647757420814,10.8010257770136,10.9621908642229,,10.1743523575739,8.18477866673184,10.0013362635294,8.44256887876647,10.8228809297275,9.99242423110182,10.5555877579811,11.2191506479907,13.0404140610862,10.6863320298332,11.1654414700889,10.9030937344439,10.5953219264197,,10.8225238057182,,0
,9.80909173106764,11.154828913577,,11.3491864699336,10.2466245578786,11.2731854115907,12.2924325902445,10.4394744770673,11.5322381218086,,11.106431141094,,12.0427224564019,,10.8900564628821,10.4396358295087,9.84250850759117,,10.7474403186309,9.97077893632289,11.7636101809625,10.566442369602,10.7766973902731,12.1483753980954,14.1399413790137,10.3870720399723,,,11.1600216201675,10.2643259814392,,,0
10.0671638534441,,,10.9961802198723,10.7186827750606,10.6637773443886,,10.4212187725706,,11.6740198736331,,,,10.6399864848767,11.0363006156515,10.4542645130346,9.18765137735714,9.60714187110552,,,8.80100001291828,10.9940252151896,8.77720984557472,,,13.521509769363,10.0389525933591,10.8937920412261,10.5707927224925,10.6406173922514,,,9.81340288580517,0
,8.41620795564612,10.2346887017757,,10.3951809619997,9.68026080257168,,10.2700595310415,8.74047516588539,,9.95656588600687,8.93106948747137,9.54846406833924,,10.7094458086717,10.2527028005038,,9.27700387703454,8.19619157656201,9.51321449683171,8.81414673551455,11.0998434684695,9.74255171963758,9.91469643747844,11.5703369926769,13.4886723350552,8.80218605093328,,10.499446245569,,8.30114426900486,9.87599590516208,9.54863126294525,0
9.29913337741642,,,9.34709112961733,9.31156799800605,,8.89842170986182,9.55217809716005,,,9.02059591750347,,8.94140786178738,10.3707268173831,9.48767914761358,,,8.21113523997356,8.10658180030502,9.0923371520057,,9.76813964985001,9.53646167617338,8.68834329164521,,12.4635990251146,9.74689751881811,10.0488302871308,,,,8.02602489447328,8.31700563736528,0
10.0374365647071,9.8049685886689,10.6923021718394,11.2868097669161,11.9212227359092,11.1129105377056,10.5148346811363,11.7633411122381,,11.9820468902949,11.0425587627879,,10.6826626527482,11.8181134988407,11.9075909097694,11.1542763929959,11.0992193138035,11.2314976920161,9.13726436562411,11.5730714738257,9.79634221664982,11.5737045052937,10.5839803874347,11.0658524691309,12.1846821974541,13.9916997351046,,11.6599668209538,,10.8922914283121,9.79691539441567,10.7318693276789,10.5242826617916,0
,7.09212379343735,8.76207406626781,8.98152366209311,9.6907925508304,,8.8718894290399,9.54196060099202,8.50530434882902,10.4365703560421,7.81588752983508,,7.92672196280645,,9.35631264642218,8.8623977336791,,8.91747304341378,,8.67621402651793,,,7.38484884454771,,10.0465398726076,12.4067600117039,,10.2965028043567,,9.17034308288504,8.7844393996206,8.16961006141562,,0
,11.0831799371423,,11.7891458824539,,,10.878330717986,11.6225834886945,11.3337001729138,12.6433761241037,11.5828319708148,,10.6628805399534,11.8946951131169,11.5838172662874,11.5672707145821,10.3645240296272,10.8715032901157,8.72141115149482,,,12.0941754621819,,11.0126083882648,12.0421835051515,14.5877511480126,11.4079878023458,12.2688318770162,11.6664192842984,11.0097894768054,10.4331385261866,11.4112188676448,,0
10.492033041957,,11.2534986849369,10.5866712560234,11.5495418381705,10.5712444624777,,12.5689333448202,,9.42895158915178,11.1005527331884,10.7622845898895,10.4713005963896,11.6576488136294,,11.5060304776729,10.4933809377616,,9.09698377177662,,9.84241824748954,11.9257565967516,,10.9478843958121,11.8383657014359,13.3048552309004,11.397518061416,11.8465398313379,11.9457319134192,10.9122607420441,9.71198578419779,10.9006241246835,9.86157604372164,0
9.26790784650225,10.2665419241499,10.3948830139524,9.42487692864261,9.91917479514971,,10.2354573527008,10.7983684942534,10.6353842637828,11.2219663815878,10.8625400133807,9.63786982002082,10.3769031041316,11.3549911915774,,,10.3858443320092,10.4696696078444,8.80024380502431,,9.88933186677566,10.4081044170698,10.3392019546753,10.3778345266282,11.7658999336109,11.5651195361239,10.9017730683273,,11.7445787514056,,9.49090476220473,9.8175582351104,9.96758286267992,0
,,10.0906662885836,8.5430517465879,9.78730284075409,8.10514650575999,8.6676837049001,,,,,8.3337486955661,,10.4627420843624,9.35278253841992,8.63953001127068,7.48695739980823,7.86642377732481,7.82918032001016,,,10.6648231472677,,8.00332012519949,11.1322365746905,8.88025529445296,9.19660654776708,8.30553861122433,10.6537411461681,,,,8.22217268649479,0
9.97699516264181,,10.6095192219855,11.7097283392329,11.5550631593777,10.6368830049611,,12.2636128973676,10.6451218706535,11.7361737377521,,10.4422012410672,10.390026294398,11.6486489939852,11.5913909112422,11.649584862784,10.3109273811715,11.1887141598378,8.82825244745232,11.0236710694984,9.54136315814236,11.7320282251627,,10.8742789453269,11.4016209815406,13.2463478506786,11.1377959406929,12.0163193518501,,10.8498934480368,9.29169371652672,11.8857658801516,9.33814332995792,0
10.2631517776586,,11.0656094214951,11.1204249943428,11.6032624789938,,10.77031760122,12.4480644346841,,,11.0513033764258,10.6840473738361,,12.9202408886396,11.7664625053864,,,,9.56514913014256,,10.1681231331377,11.4191698293554,10.5184049108493,11.0315169971096,12.0950775146648,13.6150745797672,11.4435135021191,,12.159051169209,11.3278212773352,11.3901616481157,,10.4957063104287,0
9.6505222731639,9.23261884433876,9.82430146384723,10.5499996872884,10.7160597861098,,10.0812390582135,,9.34059366304366,12.2231847428565,10.5926881592082,9.21572433290091,,,11.3616315769767,11.4221926142336,9.9256392052546,10.5335294955838,8.5880142669952,10.6996892622831,,11.3468194822508,9.83463541320962,10.3416039175276,11.4786666690041,13.9959704974984,10.4826456191266,12.1276511672635,10.799989252849,10.862258504101,10.3169010107958,10.4477982296258,10.1621209625971,0
9.99612117101553,8.677150612533,10.1666272488087,11.1160690858314,11.1351234297572,,10.0378239825261,11.6400338058027,,12.1351087895899,,9.74129504087315,10.2593928198021,11.5862025778561,,,,11.126520404168,7.95465877404034,,8.33496274448145,11.4732848614736,9.16794907711573,10.3990643242273,11.4888173572207,13.011545971741,,,10.8958061442305,10.6619846370047,8.83132675767363,9.84874469175917,9.74096416600125,0
10.2318122049365,8.87207066388333,9.79691216434488,10.7229260687239,,10.2066975496536,10.0508494555023,10.2603367088357,10.13255192554,11.4418380279527,9.72665475572477,,9.67470410535433,10.6840851514106,10.8219465270132,10.7516930620393,9.72275572177533,10.2456540637782,,9.60185622870109,8.63276921382176,10.9876816164364,9.23896964174886,10.3818227276704,11.3284682274095,13.6377958194911,10.3407951088818,11.3976251571259,11.1571715196043,10.5689043173938,8.61679134474065,,8.85947504062021,0
9.16448877705009,8.83820247659166,11.2957151621133,,11.3165703084461,,10.5183092829523,11.4189878579847,9.14288741713322,12.1605949343852,10.5263811773874,10.0936120684175,,12.0989971703588,11.7644189424836,11.6358442165809,,,9.05588820371362,11.0568644469367,9.72715387889447,11.7083370138997,,,12.1759940970995,,,11.3965618128425,11.7438139691676,10.537845976059,9.67250396364352,11.3423332359105,10.6994911147698,0
9.68125673737314,9.79363579691766,,10.9066983621069,10.7460569942995,10.9354884953615,10.3037895642598,11.3459871078545,9.61353971479509,,10.3221962387313,,10.161885117493,11.459639862825,10.8960887382191,10.8742033960101,9.72116668172104,10.6263832493843,8.70237740286523,10.6159290357561,9.56526001548557,,,,,13.6917629109572,11.2506934548616,11.5514845415406,11.0322186021504,10.4083206064135,,10.7213339495764,10.2487240787807,0
10.1490509035604,9.96630385129087,10.1458496247176,11.949626641224,11.8050275347119,10.5798988041178,10.5367452714581,11.5400711481043,9.01226697851338,12.1121942192894,10.9485017582057,10.0858340563797,,11.1922638114713,11.8761966732264,11.5898211933448,10.9330756778733,10.7359946628808,9.26451104747398,10.4628315708497,9.50864840220994,11.1581253015868,10.1984919353587,10.2900517645186,,13.4840697655485,10.8801693141622,12.3412964657759,12.0571204473357,11.4733853181027,9.61468410243187,11.1345778567696,,0
,,9.52549868191448,,10.1029486295849,9.64848764286454,9.03959491799775,9.50908509568312,8.91095117407381,11.1577440967552,,9.14586454160261,9.52886639401827,10.4509845362426,10.2138313976604,,,,,9.51188999160095,,10.3920174858663,,9.27246478998994,,12.9471959334099,,,10.0509843613339,,7.91114692903119,,,0
8.91383986491191,7.81414160268558,,,10.089238079317,9.32997214946666,9.49129134051243,9.87088604328814,,12.7555964068883,9.56958267801845,9.3806045510592,,10.1243858283648,10.3885014382603,10.7027949293732,9.6915577987488,,7.95727179444663,,8.34117848868814,10.7715521645157,,,11.8263930038564,13.6980504591072,8.65895733818034,,,,,8.93967495506038,9.17891225253051,0
9.71564709210212,9.06445289428038,10.6786371561696,10.7507535000193,11.0905400024375,10.4900805952438,9.78524473951152,11.1246189625209,,11.509669131536,10.6035646083872,,9.92768271282304,11.1896201419027,11.1818715193009,,10.637090635254,10.1872693798023,,,9.50432961444783,,9.75686813949782,10.4875124976867,,13.6572179697527,10.6235175117037,11.0457680674,11.9568376969135,10.723350642706,,9.08514259015869,,0
10.0013896312402,,,10.0788107345901,11.8284807156591,10.3730255693207,10.0381195782784,11.4996190956903,9.56248008531346,,10.9756206021727,10.3929966916504,,11.0564145591971,11.3824544346762,11.7949779003162,10.3793740839546,9.55788944073161,,9.97985958546395,9.14865839135774,12.2245451379507,10.3372073971214,10.7164822844772,10.9270955930834,12.5524165658592,,12.424764066247,11.0806119598968,11.2461055067175,,,9.45174617580268,0
,9.3143740879057,10.9289063516328,11.5252103356184,,10.9950902369021,,11.5879051125038,9.97066732071666,11.8308342783981,11.2234737998675,11.0714585015513,,11.7623337923409,11.7968798469612,11.29071040575,9.47785577145469,10.8543193914116,,10.8974214267614,10.2544639291164,11.5196733749917,10.9110017151982,10.7263406072804,12.2034475006979,13.2086365043535,10.6377678998888,11.4100051700458,11.6129722693956,,10.1115669455277,10.5220630643694,10.9129422566061,0
,9.57851594453013,10.840269613634,11.295272268486,11.1011359892718,,10.3242734726801,11.6347740884707,9.94413249553197,11.2120353507642,10.6304723657899,10.2495129138963,10.2723717026473,12.3002060346238,11.7615165276001,11.3334614598513,10.1577431233187,10.2038709471287,9.26298261893433,,9.38945352859303,11.6321770550599,,10.3230350766108,12.3307159048658,13.614903801968,10.6308187613514,11.6259746018173,,11.0303707991571,,10.5367911010167,,0
9.02838580900869,,,10.0768184587897,10.6251012642346,9.22947726139843,9.57776667839635,,10.6104237124744,10.9792737010748,9.59084419773875,9.52448491393842,9.36302510321021,10.8335756560434,10.4592963757174,10.3482944956261,9.2835579270484,,,,8.83824241142084,10.6164904092313,,10.1825875478901,10.7264752795576,,9.75722701784295,11.0038556097882,,9.63481288453499,8.7281953542885,9.19877595357049,9.44512292110032,0
,,,10.1274416426403,10.4996681540974,,,10.5417983493305,8.98309951108454,,10.0794389864903,,,,,,9.65810408267916,9.44554899149456,7.76994616841376,,7.90078121028358,11.4586763886463,7.86592576868329,,11.8381869594448,13.3425032954748,8.51545189303584,,,10.1723562130925,8.77026437345905,,9.18559098318907,0
,9.94121039617487,,,11.5164323401847,11.3479074179976,10.8401380303432,12.3519974080381,10.2917609806569,12.4548185797177,10.2795563875371,10.6352844999184,,12.2074480267827,12.0221248064692,11.7581837580782,11.3954891268198,,,11.5893809748126,9.9877649856074,12.0827908160553,9.39710649233021,,12.3613454148342,14.9806498408161,10.5266714414771,11.9220070562296,12.2476332230876,,,,11.479954618817,0
10.3763066199582,10.0621216185076,10.8418626725685,11.8069607086955,11.5728239275264,10.6721044895008,10.8538120695252,12.0686017788823,10.5326408002823,12.2564578360106,11.0338367803443,10.7005608428046,10.5285587510311,12.4613460015456,11.5348681468805,11.9119850918747,9.99876442722933,,,11.1862884151617,10.3093804334734,12.0872753029851,10.500516290298,10.9187109676127,12.0708015028145,14.0841375607313,10.7474211410149,11.6796219919293,11.7824118847702,11.3247996782523,,11.0776578070935,10.6244295037026,0
10.4511204560831,10.2029748871857,10.4644224846761,11.1763371115162,11.1127733905918,10.8072701660358,10.3850228572129,12.2119237974258,,11.8306560051638,11.298668778976,10.1647134298779,10.4123636840814,11.495716806829,,10.9300885081591,10.5726437421371,10.6901814527373,9.30507412192989,,9.7319214234498,11.219117861009,10.4240200070562,10.8145341926416,,13.5717733409988,10.5530959188818,,11.7438770518616,10.5740003363255,10.0504868517973,,10.2004440074835,0
,,10.5205566661756,11.1285609693163,10.9647651722241,9.97906561902228,9.5910080133221,11.8908554138609,9.075181834339,12.5242962086358,9.9853124290951,9.55504868120446,,,11.7918662643461,11.0318331843511,9.77133657763175,10.5460031832043,,,9.15629296858742,11.0481368350825,,10.5545478510316,11.923069390449,12.9717774203343,10.0240314755787,12.0160487875461,11.3645576348219,,9.76741599808933,11.1913403526027,10.2130544941583,0
,8.81749907930284,,11.2307287228859,10.9469558391166,9.90712606730109,9.7884999367659,11.2378010774472,9.07468963746132,,9.81813500876799,10.0147698217858,9.67340065257963,10.7297141691844,11.4299616151093,10.7029194445286,,10.4723581431448,8.8903078042314,10.0332463744601,9.585206376856,10.795241634458,,,10.7096159088434,12.9520055889148,10.1667409199919,11.5943195491906,10.9253985962827,10.0721156727332,6.74166726487811,10.6091431854878,10.1008171932503,0
,9.76209709836791,11.7925411231347,11.3677293027453,,10.4793202009459,10.6494724334866,,8.56062810980413,,10.476636573878,,10.1929204755428,,,11.6740719431437,10.1382185476947,,8.82767860934945,10.5734323210322,,11.9169111647912,,,11.0317468865181,13.7220174995114,10.8762780899909,11.6626754531592,11.4354731497749,10.9792943869061,9.77947580620295,10.1076995121484,10.0970226924137,0
9.54245967705888,,,11.088807423628,10.9549900263816,,,11.1915302720174,,11.5641303164296,10.3887229942927,9.61814446422873,9.95301618694591,10.6466621082064,11.5232496123683,11.4836037885356,10.2417338769166,10.0606120291004,8.38348402057187,,,11.179524553039,9.62815310786107,10.6804848268381,11.6782804218064,13.960120503333,10.5817740882163,11.4188932126812,10.9575477208949,10.5471254311691,9.98078723094794,9.51575876109334,9.5369994365293,0
,8.93140249162316,8.25433958911734,11.0080460181664,11.1621640224818,,,,,12.6265369411974,10.203684732582,9.38798266299082,8.8831143271278,10.5639716403151,11.2451319932809,10.6998701919786,9.34272472145309,10.8103755530886,8.01644840436499,,,10.9009248097101,,10.1689438283754,10.7749778230145,13.3284351989644,9.32464463884091,11.1099443099838,,,7.98171916698706,,9.72053048874121,0
8.92975822603302,9.08653857743914,,9.84214392165295,10.8436769556897,,9.28631451337321,11.4085872700175,9.22457814258188,11.1034710003091,10.2668052923434,,9.31059329179141,10.7903647134394,10.7913375895259,10.629820711492,9.43414155407605,9.351195769086,7.98573913016693,9.76090450367483,,10.7761575913258,,10.3340898626505,11.148725546361,13.5693169266572,10.5847725385873,11.4198987610472,10.7859690040761,10.3544215490966,7.7930740585673,10.3964525748692,8.62404710190726,0
9.48985310453539,10.1808168793913,,10.8714400967909,,10.3968126051423,10.3301180903282,11.0145944910397,,11.4229723100659,,10.0294581127204,9.80625641428668,10.7387213484725,11.3957693369137,,10.4204457520437,10.8018672246729,8.71687996422531,10.0639866258498,,11.3426707748877,,10.3412332760942,11.9737224540003,13.0701219190695,10.5176057888159,10.6450027186261,11.2383433028067,10.667811629501,9.91610969073746,10.1872837748209,10.5535017599714,0
,9.9177685498448,11.2260535720759,10.0378801502951,11.4399503159101,10.111494663116,,12.0314206180768,10.0815746328945,11.231935889651,,,9.8670107585139,11.7240637221659,11.1569052543189,11.3898155160782,,9.15326206710596,8.4022749210742,10.4396882885085,9.33626127103399,,10.5343363896041,10.8780814134821,,13.371335516283,10.8418579789814,11.4975271578987,,10.7875541051094,8.25380492113973,9.78958297377487,9.97916547000399,0
10.1068809665063,10.3978904279666,10.971780700531,,11.5626290688244,10.9077566283779,10.7239825583718,11.9769027385405,11.4986782577871,12.0241887151126,,,10.284608161821,11.5930716108221,11.8881570227485,12.060052602329,10.4512608737917,10.530694485294,,11.1354127194101,,11.6805386358995,,11.6152010173229,12.0677950503721,14.0982175037138,,12.4765022904219,11.914469780226,11.3541538566814,,,,0
9.2407549678907,9.34563912796789,,11.1023543113428,10.5962252708268,,10.0376785728093,11.5216642754246,9.28955610932284,12.6042790888643,10.089589861077,9.83795981764657,9.07124876678805,10.8036799716633,11.1853447016071,10.8780623340558,9.25295940583296,10.7877322440766,8.66511085378865,9.67679983092827,8.77473256517105,10.9696654383524,9.68339156065369,10.7169364406351,,13.8152491787589,9.72964779719571,11.170359691086,11.3185291598291,10.5774206912886,,9.61893474070492,10.7215992314391,0
9.78847287019586,,10.4774521974795,11.3816439327052,,10.9052741898437,10.8937636236812,11.728635192046,10.7454482756988,12.7493872536287,10.9775996949382,10.5892634503535,10.6268452103702,11.7084580425672,11.9324521958459,11.5159567077214,10.7831040860767,11.1416989571911,9.23449304920912,10.6879214172325,10.0857432218856,11.6359837897368,10.8812300198945,10.5895059933628,11.6735965301597,13.3471428664866,10.7847923069993,12.6675191295512,,11.2616048778242,11.3242062548665,11.3260983036393,10.5852844125431,0
,9.66616308012388,9.57072899752182,10.7946838716361,,,,11.283447300704,9.86540389578813,11.8457234248822,10.7361235517127,9.03763674436233,10.0173508865941,10.9350963998295,11.7711769698944,11.3681345876867,10.0251692756306,10.1817882319086,8.52911946472343,10.6100362991624,,11.6287614899082,9.9387942208224,,12.1464555388728,13.7634096085395,,11.402584224815,11.4672964400239,10.9748593296914,,9.86066475551991,10.0752291354281,0
10.4920722149483,8.95302404932626,10.9814550233649,11.6110447672522,11.929504727956,10.8716214956224,10.5794620003264,12.852735058886,10.0882636517504,12.5263376582793,,10.1585783548113,,12.1223055696722,12.1459783235796,11.6051998006302,10.5106202813188,11.4019283062147,8.81404209332997,10.5250815143056,10.4958694030768,12.091512514167,,11.007616892792,12.8096172599047,13.7287876857944,11.5226438199227,12.0878926468185,,11.1859738940039,10.0935647700641,,,0
8.50347364928737,9.4127985096121,9.36652147881854,10.3074164648568,,9.89359238133724,9.87854839785009,9.78578911617166,,11.4319047190632,9.21695379510755,9.33834358171927,9.7476184496363,,10.7053710273413,10.7390394379105,,,,10.0381333123858,9.36741176495146,11.1299328181574,8.76348656716438,,11.277946743396,14.3038492749981,,10.6092214638616,10.8791937317063,10.1476937262942,8.157778719137,9.76071379752619,9.49869033174335,0
10.0267447202506,,10.30558369485,11.5314971878915,11.5217133521548,,,11.3875954976947,9.29805325692125,12.7031880915416,10.8347703313733,10.5323851148335,,11.4179663140847,11.7079353500342,11.008762224179,10.3927406218892,,,,,11.3918132479753,10.8843849045624,10.5936370649285,11.8564013021151,13.2595965213652,10.8541818189308,12.0798950360043,11.9481150447619,10.5769970408273,10.0674555037508,10.5361374948859,,0
7.50487753431215,,9.02367624589433,,7.92963549906304,,8.34741300271868,9.44983852305477,,8.12707993532059,7.520489286996,,,8.18577513953241,8.48001070408569,7.70016597628392,,,7.9142686774144,9.53394345639857,7.75482947986105,9.16655532603978,9.12130932064587,9.49498856270696,10.1314851386186,9.93875704061819,7.41599740151707,7.95731359666747,10.0273667034751,,,8.83178916841375,7.73452276779307,0
,9.88542657346719,,,,,,11.440687293774,9.55886128431036,,11.0364794189892,,9.72794692682185,11.2971981999422,11.0995989710085,11.0511754565219,10.3319178677992,,8.97639572592019,11.3057136131047,,10.9721123922887,10.8580596193496,10.6284021181295,11.5825112816918,12.9441552350426,10.782260493847,11.1497044976462,11.9811142880934,10.5292007822047,,,,0
,9.72914416803116,11.0770879820913,11.6180677624666,11.5286489039868,10.4599262966957,,12.0296270271458,10.1515598727291,11.6911975125231,10.3843400838114,10.4509953799841,,11.9679915209017,11.2170644196155,11.2058272766754,,,9.57948082618775,,9.88201180046849,11.9026219320503,10.2857408214518,10.485394976087,11.9846836973854,13.2994718840019,10.7367631111954,12.0413756676865,12.1704732843933,10.6669593143234,11.2538706215343,,,0
,8.97443778280143,10.1460311070997,11.7368740810785,11.6619552580878,10.3765792955475,10.5025159697795,11.239707321702,,,11.9148535940253,10.4111527440876,10.4161016335169,11.1764352619498,11.7616114315893,11.6067770880306,10.8917139766947,10.877911223041,8.44977496505333,10.3972447678171,9.54742668878612,11.5776105185195,,10.3824587347455,11.8053848074736,13.4956399980617,11.5212216180092,11.1521305584974,11.3789867551038,10.899429564028,9.8107483798143,,,0
10.1630702230742,9.48840636905911,10.7751525200654,11.339574087147,11.6880238410784,11.3705209514591,10.997189579681,12.5240604205388,10.2110760557715,11.8289855155418,11.231308049364,10.9650026815965,10.9121525846415,12.257433726666,11.8205456022898,,10.389577312884,10.3867954519959,9.0300256799067,10.981329392579,10.2382438536476,,,11.19776734053,12.4699908318354,14.5309196430422,11.9001007338025,,12.2776498065114,11.2427146964031,10.5025646848396,11.8449724877813,11.139101233797,0
9.6812732325038,9.62151697715593,10.9032002597304,,,10.611602796895,9.87643323282141,11.3108656133307,,11.7597534725677,,9.57767431259803,,,11.7539175603742,11.4000797272773,,,,10.7242589727163,9.58035300505017,11.1013309524139,,,11.6101400684521,13.1628986866158,10.8755402575298,11.5217607845252,11.6346656983782,10.7529173143661,10.4304908638993,9.53830719520772,10.4279112041111,0
,8.48263556503351,10.0466403621297,9.44472161462204,,,,10.5177505045385,7.95148555091296,,9.61688653045368,9.3478904016973,9.62057686943458,,10.2812829208628,10.2571029961976,10.3348246431265,9.59436030637964,8.06573983308802,,,10.8459358646524,,,12.2210520908359,15.108826585385,10.0152295080435,10.9370686960957,10.8202644120597,10.1851372084402,8.74872981748385,,,0
9.5053919604754,8.77469987018914,,10.4635440675411,10.513900808005,,,,,11.3798750028925,9.97241161679672,9.44590770454776,9.22714664016039,10.4521461018706,10.2422728482669,,9.25102462432457,9.56651021645911,8.60223398270136,9.94666374763031,9.01870934115801,,9.02600615912367,10.0084269273931,11.0755171766577,13.4300857870497,10.2500161303357,11.468012483664,10.4308211615824,10.0358824404363,,9.85911151070375,8.72285792526353,0
9.70175609957028,,9.05316357959294,10.8789284979839,,10.2972243126813,9.91264977938187,11.0534526146387,9.22034665171642,11.5197238781165,,9.45975412328383,9.52860710947722,,11.3083023576491,11.3413476476528,,,8.32387936787021,,,,8.98251655703064,10.4858653760883,,13.9443598624585,9.94371067115276,10.9361027093234,11.2771714431423,10.2641152160047,8.41958159594943,9.76474513879313,10.5637557940442,0
9.84040947822242,,,11.0491612108622,11.4213097059653,10.8503299614013,9.96931228917059,10.7006153267698,,11.3376322553015,10.7750752764425,9.96906249097547,9.98334752691639,11.2960698161709,,11.0090963066125,10.4213976323069,11.0727934823943,9.22548976386362,10.5376636842123,,11.1925261733835,10.3027458570884,10.5089600722061,11.4298921556297,14.0433836916516,10.5061361000795,11.7035840068553,11.3505508242524,10.5690715048542,,9.05217520240417,10.6587179596637,0
8.34835895935312,8.51591951151913,,,10.3373054536695,9.16113810433115,9.15414237794326,9.76500947176384,8.24349075198634,10.1450682510345,9.29156115314758,8.92022967027452,,9.99256292732042,10.3875189057842,,,,,9.63218602419711,8.33195139515594,9.90787245046133,,9.49389696243522,10.0523841938791,13.0002298673243,,,10.2091915518335,,7.88465931773978,,9.43748560055183,0
10.2677137738841,9.87602894717419,11.4274713998489,11.7120774050577,11.9736237720443,11.1995179830606,10.8984758973986,12.6692465273305,,11.5212557395665,11.3645109536718,10.7210501050571,10.7822284859315,12.3931229797978,11.8882507170849,11.5114522055665,10.5828789864764,10.7622230404947,8.75909146302519,,9.94092146668024,11.5976049597692,9.31870170219042,11.2137276406052,12.0578582576171,13.0782955491603,11.2832006795643,11.9278793363894,11.5734950693334,,9.97054384703795,11.3755783831397,,0
8.81337685747325,9.01106169178349,8.74988878407846,10.889952729214,,9.79681115016132,,11.2890568198522,,10.890974900013,,,9.84854364918553,11.1870687817228,,,,,,10.1860762184392,,,9.25346820325234,,11.0725487163656,13.958964992635,11.2383457269094,11.4111826335902,11.0366751988334,10.0025935447003,10.891561882841,10.7376544483649,8.89074401388317,0
9.33806656445755,,10.5361665354529,11.1256491426492,11.7779210345167,,,11.4786452044558,9.7689236547973,11.739417058704,,9.71690456144272,9.81136794442431,10.9069433009297,11.1734214755652,11.2906778016913,10.4461337503622,,9.53046688736353,,9.50374367923767,10.9635571927847,10.0718468885429,10.7217311159576,11.2265888066581,13.5360774980514,,,11.0840844173722,10.4688681624054,,10.4988633154061,9.87716437001409,0
,,10.057299879561,,,9.90755410823057,9.46647939531046,,,,9.5271927667075,9.27665986220315,9.35311947121655,10.613908476863,10.6414360106347,10.8941828026843,9.12873140244267,9.84192313758665,,,8.32040552774031,10.9047662329371,,9.69364261640869,10.529401211488,13.0180001126804,10.1858563687586,10.8309277789819,10.5897164423771,9.99641825594789,8.70701394843505,9.88515752488958,,0
8.87190527938415,9.1826706177033,10.2935333280993,10.6860444903951,11.057679462438,,,10.7209099559764,,11.890395593976,9.98651262732555,9.56925655896986,,10.6588966152532,10.8429123464102,10.826265413006,9.65129401539889,9.65558384250326,,10.0394368943957,,11.2055579598412,9.68193249994207,,11.7235399088946,13.8852531523683,10.3280589726306,11.5070563242035,10.7916107763853,,,10.0228036470608,,0
9.46779687973299,9.39714240782852,9.82198547762755,10.3871280697461,10.9504349067935,,9.6169770117405,11.2409895358798,,10.9003590827677,,9.44473423266612,9.23941028794301,,11.0725732757207,10.7314514689341,,9.98212042120894,8.62627341068568,10.1416588117478,,,9.07023709348639,10.0561278641728,10.8115285489672,12.6016774116611,10.5379941237636,10.9389151186894,11.0110418086549,10.274717449979,,,9.53582146553998,0
,8.1211907446749,,7.99715803995564,8.99936656420733,,8.79880686228247,9.43941272400673,8.13760797040642,9.36784409424998,9.76633202241574,,8.51204796571326,9.00410002534163,,8.9062408678986,8.40731656029259,,7.65123100388678,,8.32050613397206,8.31973162779034,7.54864049605074,8.74651643531133,,10.0732498982729,9.03930387161966,8.5623194340344,,9.2970705228103,,8.8688673803714,7.81283054038705,0
9.09050979550575,,,9.97718431067211,,10.6162353850404,9.48664066379541,11.6592130253717,9.07652729649786,,9.15099166552195,9.20939208048266,,11.31576352359,10.0197927503213,,9.91957608712156,9.82020523146533,,,9.45808620371574,9.60778887184651,,10.1776479662965,11.74699467393,,9.92521056101007,,11.6409919825175,,,,11.3585019065629,0
11.5882306255986,9.1535246262303,8.87212812844745,10.6416535748417,10.1096470070188,,10.1296036994655,11.4688286745767,9.03080144484918,,10.3158969270172,,,11.9664386137519,,10.7593897044806,9.05067818364443,9.7974986839214,,10.3615218937393,9.90505726542546,11.4419958833759,,10.33991427098,11.9791421891956,14.1174410079215,10.4289345712824,10.6631725706859,,,9.29791155276091,10.2953669780715,9.11630361123969,0
9.38339369693316,,10.2171792445218,10.869399765525,10.8828870380237,10.521113483662,9.80340243101001,11.2419470605276,10.4233973671075,,10.9863952867121,10.0594751219346,,11.4629014139206,11.577660083356,10.8095677769247,9.89271745312542,,8.75031160298722,10.4857603988643,9.74425582682205,11.3563138093703,10.1513639890051,10.2710370421881,11.8947093793535,,10.7184635036094,11.3096525727434,11.0350595953441,10.762824360828,7.91229100840236,10.3579157895944,,0
9.83429967424888,9.71018086220456,10.8916166708667,,10.831204284543,10.7936163950681,10.597169983714,,9.61783875132993,11.3811082195256,10.1834863879701,,9.99672702629085,11.8773542657337,11.8120552119842,11.4099736820647,10.4760036683464,10.4236951475039,8.95186955686072,10.5957682016552,,,10.9814783148133,10.416804476244,,14.1592187828358,,11.9343989794195,11.7735918778278,11.2144498031738,10.1168438629617,9.84686558497742,,0
,9.41489142532014,10.1935703806648,11.2610740734746,11.18571804157,10.2566094864097,,12.0798937721332,10.8187804715033,,10.1424893204828,10.6052634113986,,11.664705482201,11.1030742148302,11.345849162085,9.85408442029241,10.6634439310578,8.45971406956307,10.7912056931654,,11.4327851618033,8.25960182601125,10.4997720995787,,13.6173015830701,,,11.1418033127189,,9.4328285950624,10.4500296680373,9.4508774161712,0
8.85157558014254,8.74028565018537,9.09040170432439,10.4499318098002,,9.58299516525158,,,7.93810087308723,10.6070080001683,,8.28820086828104,,9.73379994089031,10.6812209328598,10.4175918627849,8.84197726077272,9.89694367297071,,9.44709529842399,8.21605282942681,10.4056268862228,9.59713081189962,9.75513378895192,11.3831156176633,12.6270504238224,9.01471198523977,10.4844309711734,10.0250739275527,,,,9.90567414726812,0
8.9971193282738,8.42375808350744,7.96094328730779,10.8340939604748,,10.1182360316315,,10.4943986180138,,,9.5092812760133,9.08379131462295,,10.3506944178795,11.0247230230597,10.8264947142004,,10.4036665023334,,,8.55902549694525,11.2195865392299,9.10778523184314,10.1574394316209,11.4186162022108,13.9932292466457,9.48952485281662,10.8497692054185,11.0714475473183,10.4021266631165,,8.96288362469294,,0
9.6859276486739,9.36472284837972,9.85346707050595,10.7672846851137,,10.4443902149097,10.1397102556948,11.2984489978589,8.92937164664326,,10.5593587646713,,9.13858588172336,11.0349615129147,,11.0803156277225,9.82051045812489,10.6830015362061,8.308007245909,10.5871076718547,8.47278208366824,11.1771237275751,,10.087844973946,,13.1109910020364,10.9977508019304,11.8392561009691,,10.3104407431434,11.3269242040763,10.481736912362,9.81052575364258,0
8.85210672048245,8.95340612778413,8.61326888671083,10.649677179178,,,,11.2025186157528,8.29077023882429,,10.3601793621325,8.70075902341394,9.04184452070118,10.4731351668585,,10.5332998143598,9.88358921788326,9.55314477348629,8.01950271781086,,8.68073205711253,10.8067941802249,8.91070316247081,9.55006637668972,10.4462637526201,12.7930309043751,,,,9.57089465238107,8.82387521611754,10.4839705227256,9.92719281731857,0
10.8798156311151,11.1705401941945,10.7519189190046,12.4377539445116,12.6493737909115,11.6042180656745,11.4682236831731,12.517566964728,11.305054613661,13.0716145385898,11.8313120464826,11.1858599049122,10.9659419918794,12.0415678861148,12.4087016796342,11.9541179745235,10.9867691716785,11.640232612193,9.96859151732368,11.2351455396492,10.4560877335151,12.08977491703,10.5812472530056,10.9857258456876,,14.7376287159572,11.5782176371131,12.8622416506662,12.1046083039059,11.4538135075812,10.5638836277359,12.4745933199232,11.6656702903162,0
9.59640221312627,,10.4065232788292,10.8924828871247,,,9.54999814424837,11.8889397804935,,12.3751876426991,10.5905226046291,9.96110501563648,9.64854303299227,10.7886668504657,,11.254819672438,,10.9994957499636,8.79505254833274,10.319907154865,,11.0005547154128,,10.5271534086563,11.6301512458732,13.9381460202507,11.2919979134297,12.1812526445936,11.1446061409219,10.4072855871334,,10.7398430379625,11.1345077663464,0
9.84129113559078,,10.8279753800501,11.3403607909794,11.7362840107881,,10.5936476317765,11.3940300922259,11.1612602660437,12.2462879798743,10.5828797771207,,10.504877877938,,11.7272917602553,11.5406765671387,10.3478351387757,10.8331171198257,8.43612497748958,10.0959604487373,9.71327058168837,11.8194830274246,10.2583220316834,,11.5682528601434,14.3041252027605,11.2057691390698,11.9648269886179,11.5946401834673,,9.1659781187649,10.3252621463673,,0
,8.30119852936246,10.14322708499,10.3061078803476,,10.1599866078729,10.087938540032,10.2685446841862,,12.4015487272054,,9.51104269414076,9.76981588203428,10.7167953542826,10.9961334312578,10.8258526980803,10.2430563250261,10.1735783938642,8.4319408712588,,8.88078777120725,11.3393190995557,,10.3436845841732,11.6593276565534,13.0948786076491,,11.3027896209361,10.5761675961355,10.4133445164986,,,,0
,9.9006555563016,10.8906120984824,11.8649103458235,11.8255576338297,11.2451246661612,,11.8358647748344,10.3132528640703,12.3867985418076,11.8881153406679,10.7650116521691,10.4838415315644,,11.9160592882869,11.6309979901204,,,9.61590222027026,11.4319110446388,10.4483999969953,,11.3754041829771,11.1936306957725,11.7838763315718,14.4440403577693,11.7481110445606,12.6550048338452,12.118265940533,11.4444219130039,10.202674782251,11.1908075071435,11.2312751740147,0
9.40966424343192,,10.2644901665249,,,9.2275587439967,9.50570671523976,11.2765436333202,9.56865662328342,10.9495033940879,9.70621535317156,10.1523804386019,9.5999675363257,,,10.7175647477317,,10.0975147407662,8.25862984068146,,8.53407779833275,11.251887936461,,9.99790230185089,11.1371385896535,14.0102245950519,9.80809550460761,11.0793508149479,10.8099134780887,10.2823006991652,7.88938146565652,9.0322445892463,8.81299815382045,0
,8.63845266560616,9.94063933963264,9.59426420849417,10.6029761453444,9.05883101487456,,9.99762427195373,9.05495143308359,10.9071032293987,9.02346349872929,8.97786664542395,8.88061393064462,10.2218075841633,10.2857021233094,9.92490205883162,9.17188979758579,,7.58436084672926,,7.8860297896394,10.8574518457336,8.7733400427393,,10.2897923222769,13.8810130785382,9.97546642492969,11.186472879672,9.8714772050733,,8.60005629520898,10.0037365282724,,0
9.11525796203258,8.55070747288636,9.65884368134,,11.0229583399389,,9.50017909448955,10.4946150771265,9.82130624256476,12.0106576306841,10.0415394293026,9.70257939717937,,10.4684189400107,10.7536275634612,10.5948346347754,9.57613992713357,,,,8.53011171986016,11.1181951731536,,9.73048060317134,,13.112911807999,9.62460406118918,,,9.88279311071139,8.66577753247728,10.7820758555328,9.71426818195114,0
9.52411162286885,,9.07507634138541,9.64577167703914,9.85470125691363,9.84807419001568,,,,10.3008551402362,8.48280616419182,8.88391468855529,,12.1190123175413,9.85283024913385,,,10.2647674569833,,,9.70673230661638,10.1626892853667,8.280135544401,9.88782981377081,,8.25572839156409,8.7508243046595,9.89381666338051,,9.33515861557867,,,,0
,11.4249477389633,11.2312349661816,12.1645307122292,12.3669722677849,11.5306935855609,11.0868074501169,12.7245476656298,,12.0495544283429,11.6196630269725,,11.3042635774503,12.2400114193305,12.3751829597429,12.0371362318887,11.4191226710495,12.0095675684454,10.0452173583151,11.8036196792398,9.97350407601181,12.4257052822179,11.7375974586873,11.4477736998111,12.829939436446,13.6380764098717,,12.3972525249385,12.3822913064679,11.377132876638,10.1850708577343,11.8182941794367,10.9714183428208,0
,,8.17859199948186,10.1489678518132,9.92093590197952,,8.85467455743594,10.9447326718301,,10.1902514555045,9.80524681889691,,,10.8492769707132,,,,9.162315122114,8.01561906764255,8.83786739723655,8.50151924631373,,,,9.94779125331452,12.2005378712163,,,10.5154055182443,,,9.16466909476916,9.07649996143228,0
10.2161241160718,,11.3778256134569,12.052187245278,12.3991547216389,11.2324717102574,10.8683217260294,12.0217091546837,11.5346392085779,12.5294267639913,,10.8516130918694,10.8847064884834,11.7005443082131,12.1793805940251,11.8451715093475,,11.036275987956,8.88616595262674,11.107653570635,10.2705691848895,12.2189894335981,10.437190982164,11.1418344294387,12.1808079749964,13.9405222201472,11.8235608858039,12.5551539278944,12.0586114036463,,9.96902180727303,11.2280567996486,,0
9.97257069790437,10.5755014339858,10.7330357406857,11.8686549630833,11.9078130110375,10.7915660916035,10.9702131361319,12.2823616669548,9.53080238627127,12.4878027758702,11.2435445356763,11.1521766485119,10.4371246626536,12.6062234239841,12.1110939008539,11.7896244452344,10.7166038170952,10.9250078994961,,11.2524458930275,,12.1441413600275,11.5285456059657,11.6985118432096,11.9629832749906,14.0226564692115,11.4386130069305,12.7583504024675,12.4157619377427,,9.81402985981095,,11.1029828329293,0
8.45317404025598,8.3260506912565,,9.9347672529471,10.4224061147235,9.04662385562481,8.71438353443393,,8.47749390762023,9.71418460069819,9.60460045262604,8.33283931526853,,10.1553773575673,9.52705078015017,9.91531110807032,9.34178375048362,9.03926703230859,,8.71665511725809,,,8.87865856449045,,10.8265661614299,13.28621501414,,9.21237737346483,,,,8.19124003930866,7.65975905303048,0
9.04750510962584,,10.1114832681249,9.81021611630044,10.2141888202553,9.30599208837834,,10.7640411905858,8.53661475563262,10.811364304206,,,9.24241398686701,10.9772549983915,10.6238958447229,,,8.57885254459198,8.18945227464416,,8.82040306701072,,9.46837209874084,,11.3272473743831,13.4640307973685,,10.6559489536097,10.7102613778444,,,8.77963965063947,9.49155812681396,0
10.6923964060459,,,11.7929226574653,11.4530498317187,11.3198768408801,10.7754339546831,12.2036872577322,10.681430674091,,10.6737564186992,,11.2090269769867,12.5907552344307,,11.5329410452933,10.4542399634082,10.9527369388807,9.69992655686368,11.1259752565413,10.205046333101,11.8233636584557,10.4374553051529,10.8721281913742,11.9957996434859,13.9087847529191,11.2761181881236,12.2372983338079,12.1079034689283,11.1407755809091,9.31462132334795,10.6073218302113,,0
9.73209334898872,10.0907436579918,11.3938917902763,11.120446342461,11.0955618855721,,10.5621943704687,11.4294703200416,10.5686691956286,,11.2100524223944,,10.343717820118,12.072151148054,,11.0825713449878,10.6716319038578,,8.50113876484402,10.7706351333496,9.91631793383185,11.8172489931795,10.7172675661286,11.0014423227028,,13.8595930317258,10.7889078737211,,,,10.2110192814394,11.0755953915336,,0
,,10.8786174665969,11.3640730345889,11.3468288931684,11.0960609964391,,12.3347500592986,10.2950414917118,11.9448863538529,10.8681570994437,10.1597723038681,,13.1693754125401,11.328040193861,10.8268723080423,10.4520986192691,11.4777965666454,9.10990133169807,11.2533949367696,,10.9501176967268,10.230347302942,,13.3605791433709,14.7193328580038,10.4537937490486,12.1086736800474,11.9274320875396,11.1707745055388,,,,0
,9.65260782389797,10.7241672559082,10.6078630556826,11.4842353182158,9.77166357950249,,10.5938429373092,9.47403296942906,12.1178028800012,,9.99146198007776,,,11.0990268965962,10.6859647107009,10.1229751160144,10.2194540376028,8.54197939611014,9.84338470449773,,,,9.68374553892211,,,10.9534052935436,11.8684875530166,11.3871444212804,,,,9.73378270059648,0
,9.04881995760246,9.08815056353082,10.9796315657303,11.2035089764027,10.352866213348,9.99369305758044,,,11.4560416557212,10.700471550712,9.89538791799695,9.79382732082008,,11.0564117880013,10.4911767455761,9.96026373011619,,8.66559155193121,10.0478685346285,9.29737285150261,10.6691365083571,,,10.8574781766385,12.8337519215991,9.9722910059171,11.2587350221038,11.3507806567486,9.82872793412055,8.44178813942231,10.8978595335365,9.92046561021977,0
9.31611784656031,,8.66966145252103,,,9.8022633149988,8.91961465535664,9.45788288673765,8.25692062727061,10.8439715691222,9.23563393724606,,,10.5100735799736,10.1305442159081,10.5364298416416,,8.89385926218845,8.06697945512378,9.6872885705557,,10.2668890075,8.96749567646392,10.0500020244018,11.0671762474561,13.6556124362425,10.3243893275855,11.0790645720508,10.3011844671872,9.93712875971862,9.11031389531742,,,0
9.61065491746621,9.37575583562347,,11.3012402466814,11.2582403621757,,,11.7316589420294,,11.5546341541668,10.6421371755755,,9.89625101987135,11.0379601165535,11.3362607893888,11.3559361681138,10.4461602503094,,8.8844522805742,,8.62362392269992,11.4205217154632,9.49373276907547,10.6785772147667,11.8557565367033,13.4622607592,10.6044305536666,11.8165271049236,10.7359197608605,10.6053542699052,10.3607746959712,10.5726499486824,9.75266470173181,0
,,11.0901612665867,11.6345280683557,12.6285244011897,11.2312626712432,,12.6294698508703,,11.5974976913095,11.6308149337071,10.6003266090809,10.9123128438428,12.1318104413709,11.8885388211301,11.8648720193549,10.4289555926674,11.4079886250884,,11.332668763371,10.3278909588202,12.6115942580781,9.92513227545048,11.0782558052543,12.0408736900618,13.6873007754445,,12.0380570358033,12.3031633801151,11.3727000353779,10.4387522479787,11.8638134763534,11.4412376637918,0
,10.3302012810713,11.2318909504382,12.3695377995222,,11.1419208369631,,12.1423779807005,10.993524730238,12.8185183546611,,10.2309195197233,10.7508490088395,11.8549289060984,12.4113765527593,12.5927908258059,10.9756603802279,11.1387612555368,9.55675465782357,,9.85633710467855,12.4592095964991,10.3643287332279,11.4986138157113,12.7849017279782,14.840041219047,11.8343670313028,,12.190607824151,11.4948290758168,11.1611480412925,12.3196105101814,10.580033419566,0
